time_s,x_m,y_m,yaw_deg,station_m,lateral_error_m,heading_error_deg,speed_kmh,reward,desired_lon,desired_steer,executed_lon,executed_steer,throttle,brake_mpa,steer_wheel_deg,completed,off_track
0.0,0.0,0.0,0.0,0.0,0.0,0.0,40.0,0.0,0.0,0.0,0.0,0.0,0.0,0.0,0.0,0,0
0.05000000000000004,0.5498468215166312,-1.748134487094038e-18,7.705473483370474e-17,0.5498468215166312,-1.748134487094038e-18,0.0,39.975518420621306,0.9890041663844236,0.11999999731779099,0.0,0.1,0.0,0.1,0.0,0.0,0,0
0.10000000000000007,1.1048309530358813,-3.309096556946127e-18,4.1585337234948655e-16,1.1048309530358813,-3.309096556946127e-18,0.0,39.947794727601824,0.9982420854044011,0.12073444575071335,0.0,0.12073444575071335,0.0,0.12073444575071335,0.0,0.0,0,0
0.1500000000000001,1.6595738715161648,-2.462370359781397e-18,9.298114947109867e-16,1.6595738715161648,-2.462370359781397e-18,0.0,39.94279190057532,0.997797723039511,0.12156616151332855,0.0,0.12156616151332855,0.0,0.12156616151332855,0.0,0.0,0,0
0.20000000000000015,2.2145942171410002,4.476294017921405e-18,1.5238120340471389e-15,2.2145942171410002,4.476294017921405e-18,0.0,39.97629295959327,0.9982957745181232,0.12171624600887299,0.0,0.12171624600887299,0.0,0.12171624600887299,0.0,0.0,0,0
0.25000000000000017,2.770489239272664,1.7424436020083898e-17,2.1237340086917542e-15,2.770489239272664,1.7424436020083898e-17,0.0,40.0497180358208,0.9998820164895035,0.12071121484041214,0.0,0.12071121484041214,0.0,0.12071121484041214,0.0,0.0,0,0
0.3000000000000002,3.327729818691115,3.6829585114518666e-17,2.817141453176212e-15,3.327729818691115,3.6829585114518666e-17,0.0,40.15278728928864,1.002326453228999,0.11850845813751221,0.0,0.11850845813751221,0.0,0.11850845813751221,0.0,0.0,0,0
0.35000000000000026,3.8865576149459646,5.928266918760724e-17,3.420201895193575e-15,3.8865576149459646,5.928266918760724e-17,0.0,40.269365379869164,1.005210381675478,0.11541637778282166,0.0,0.11541637778282166,0.0,0.11541637778282166,0.0,0.0,0,0
0.4000000000000003,4.44697849097926,8.348469509944726e-17,3.964585078921234e-15,4.44697849097926,8.348469509944726e-17,0.0,40.383709829071385,1.0081036770754404,0.11191903799772263,0.0,0.11191903799772263,0.0,0.11191903799772263,0.0,0.0,0,0
0.45000000000000034,5.0088229286129,9.56907799194113e-17,4.44414434721737e-15,5.0088229286129,9.56907799194113e-17,0.0,40.48469607870482,1.0106874483152748,0.10848870873451233,0.0,0.10848870873451233,0.0,0.10848870873451233,0.0,0.0,0,0
0.5000000000000003,5.571834796167476,1.2774326708030468e-16,4.8591125260195125e-15,5.571834796167476,1.2774326708030468e-16,0.0,40.56721849816754,1.0128049546820268,0.10545911639928818,0.0,0.10545911639928818,0.0,0.10545911639928818,0.0,0.0,0,0
0.5500000000000004,6.135751720089023,1.553431200062353e-16,5.243450428952692e-15,6.135751720089023,1.553431200062353e-16,0.0,40.63129921904092,1.0144454575553186,0.10298344492912292,0.0,0.10298344492912292,0.0,0.10298344492912292,0.0,0.0,0,0
0.6000000000000004,6.700355765004278,2.0606960353143286e-16,5.738839188276943e-15,6.700355765004278,2.0606960353143286e-16,0.0,40.6800472666185,1.015689902267762,0.10106102377176285,0.0,0.10106102377176285,0.0,0.10106102377176285,0.0,0.0,0,0
0.6500000000000005,7.265493651388087,2.5349453095390685e-16,6.293099190327141e-15,7.265493651388087,2.5349453095390685e-16,0.0,40.7178528318444,1.0166555805137973,0.09959857910871506,0.0,0.09959857910871506,0.0,0.09959857910871506,0.0,0.0,0,0
0.7000000000000005,7.831081404511035,3.08352506712742e-16,6.867438316361364e-15,7.831081404511035,3.08352506712742e-16,0.0,40.74965466529504,1.017467821928413,0.09846441447734833,0.0,0.09846441447734833,0.0,0.09846441447734833,0.0,0.0,0,0
0.7500000000000006,8.397100866306037,3.6908469280167384e-16,7.330627246048056e-15,8.397100866306037,3.6908469280167384e-16,0.0,40.779987155424855,1.0182455464708762,0.09751036018133163,0.0,0.09751036018133163,0.0,0.09751036018133163,0.0,0.0,0,0
0.8000000000000006,8.963575481409976,4.326846820757936e-16,7.746735767954713e-15,8.963575481409976,4.326846820757936e-16,0.0,40.811570145145815,1.0190642293384358,0.09660038352012634,0.0,0.09660038352012634,0.0,0.09660038352012634,0.0,0.0,0,0
0.8500000000000006,9.530542403512651,5.020502224551072e-16,8.177198695382544e-15,9.530542403512651,5.020502224551072e-16,0.0,40.84546065036758,1.0199489602902052,0.09565289318561554,0.0,0.09565289318561554,0.0,0.09565289318561554,0.0,0.0,0,0
0.9000000000000007,10.098034819983516,5.793331630660051e-16,8.578669852113094e-15,10.098034819983516,5.793331630660051e-16,0.0,40.881602207689255,1.0208928201141112,0.09463617950677872,0.0,0.09463617950677872,0.0,0.09463617950677872,0.0,0.0,0,0
0.9500000000000007,10.666074285200212,6.617839424668193e-16,9.034869344474062e-15,10.666074285200212,6.617839424668193e-16,0.0,40.91939355375549,1.0218749483294864,0.09355193376541138,0.0,0.09355193376541138,0.0,0.09355193376541138,0.0,0.0,0,0
1.0000000000000007,11.23466990372431,7.456898282840802e-16,9.546316512550778e-15,11.23466990372431,7.456898282840802e-16,0.0,40.95811499888031,1.0228729351501278,0.09241819381713867,0.0,0.09241819381713867,0.0,0.09241819381713867,0.0,0.0,0,0
1.0499999999999952,11.803821120987855,8.292880755250327e-16,1.0053496875923977e-14,11.803821120987855,8.292880755250327e-16,0.0,40.997169239492464,1.023869363198019,0.09125655144453049,0.0,0.09125655144453049,0.0,0.09125655144453049,0.0,0.0,0,0
1.0999999999999897,12.373521607908064,9.012328935356165e-16,1.0300501420018067e-14,12.373521607908064,9.012328935356165e-16,0.0,41.03616396685365,1.0248538050619507,0.09008492529392242,-2.829538971291408e-15,0.09008492529392242,-2.829538971291408e-15,0.09008492529392242,0.0,-2.546585074162267e-13,0,0
1.1499999999999841,12.943762749406114,9.312861596151003e-16,9.790247013780573e-15,12.943762749406114,9.312861596151003e-16,0.0,41.0748937770976,1.0258221232569045,0.08891507983207703,-2.829538971291408e-15,0.08891507983207703,-2.829538971291408e-15,0.08891507983207703,0.0,-2.546585074162267e-13,0,0
1.1999999999999786,13.514536049852286,9.259440102434305e-16,8.601852980489178e-15,13.514536049852286,9.259440102434305e-16,0.0,41.11327887950341,1.026774524137361,0.08775318413972855,-2.829538971291408e-15,0.08775318413972855,-2.829538971291408e-15,0.08775318413972855,0.0,-2.546585074162267e-13,0,0
1.2499999999999731,14.085834289720122,9.227504072423679e-16,7.263824997663244e-15,14.085834289720122,9.227504072423679e-16,0.0,41.15130190227466,1.0277133090697612,0.0866016373038292,0.0,0.0866016373038292,0.0,0.0866016373038292,0.0,0.0,0,0
1.2999999999999676,14.657651681900829,9.44187884259962e-16,6.529989352998701e-15,14.657651681900829,9.44187884259962e-16,0.0,41.18896227579888,1.028641071393532,0.08546094596385956,0.0,0.08546094596385956,0.0,0.08546094596385956,0.0,0.0,0,0
1.3499999999999621,15.229983468723805,9.911634954654324e-16,6.5392583853696854e-15,15.229983468723805,9.911634954654324e-16,0.0,41.22625219447128,1.0295596865778276,0.08433113247156143,0.0,0.08433113247156143,0.0,0.08433113247156143,0.0,0.0,0,0
1.3999999999999566,15.802825333188972,1.0485337740358207e-15,6.9368294004635675e-15,15.802825333188972,1.0485337740358207e-15,0.0,41.26314956340527,1.0304699755396631,0.08321243524551392,0.0,0.08321243524551392,0.0,0.08321243524551392,0.0,0.0,0,0
1.449999999999951,16.37617286063656,1.1141951802451444e-15,7.42227731596989e-15,16.37617286063656,1.1141951802451444e-15,0.0,41.299620722563695,1.0313717935383402,0.08210550993680954,0.0,0.08210550993680954,0.0,0.08210550993680954,0.0,0.0,0,0
1.4999999999999456,16.95002115570945,1.1833116519728394e-15,7.885348666058655e-15,16.95002115570945,1.1833116519728394e-15,0.0,41.33562669571844,1.032264307968116,0.08101137727499008,0.0,0.08101137727499008,0.0,0.08101137727499008,0.0,0.0,0,0
1.54999999999994,17.52436463398946,1.2395511966729424e-15,8.108654777448739e-15,17.52436463398946,1.2395511966729424e-15,0.0,41.371129004027416,1.033146312056122,0.07993119955062866,-2.829538971291408e-15,0.07993119955062866,-2.829538971291408e-15,0.07993119955062866,0.0,-2.546585074162267e-13,0,0
1.5999999999999346,18.099196960447777,1.248446188066995e-15,7.465802646351771e-15,18.099196960447777,1.248446188066995e-15,0.0,41.40609333652619,1.0340164883259468,0.0788661316037178,-2.829538971291408e-15,0.0788661316037178,-2.829538971291408e-15,0.0788661316037178,0.0,-2.546585074162267e-13,0,0
1.649999999999929,18.674511086489876,1.2206658484201638e-15,6.2800265783655396e-15,18.674511086489876,1.2206658484201638e-15,0.0,41.44049098303391,1.0348735858563842,0.07781720161437988,-2.829538971291408e-15,0.07781720161437988,-2.829538971291408e-15,0.07781720161437988,0.0,-2.546585074162267e-13,0,0
1.6999999999999236,19.250299340067677,1.182442546199332e-15,4.8774310653608596e-15,19.250299340067677,1.182442546199332e-15,0.0,41.47429866408418,1.0357165156727346,0.07678527384996414,0.0,0.07678527384996414,0.0,0.07678527384996414,0.0,0.0,0,0
1.749999999999918,19.826553536715497,1.1753267786639231e-15,3.996077579718993e-15,19.826553536715497,1.1753267786639231e-15,0.0,41.50749757077275,1.0365443885081365,0.0757710412144661,0.0,0.0757710412144661,0.0,0.0757710412144661,0.0,0.0,0,0
1.7999999999999126,20.403265090719675,1.1942855531257258e-15,3.76122304489198e-15,20.403265090719675,1.1942855531257258e-15,0.0,41.54007225771707,1.0373565149233919,0.07477506995201111,0.0,0.07477506995201111,0.0,0.07477506995201111,0.0,0.0,0,0
1.849999999999907,20.980425115221585,2.918625297304763e-07,3.815817248334817e-06,20.980425115221585,2.918625297304763e-07,3.8158172515068145e-06,41.572009751505455,1.03815238485289,0.07379782944917679,5.8903577155433595e-05,0.07379782944917679,5.8903577155433595e-05,0.07379782944917679,0.0,0.0053013219439890236,0,0
1.8999999999999015,21.558024506595498,4.443983749125648e-06,6.003888947151065e-05,21.558024506595498,4.443983749125648e-06,6.003888947248015e-05,41.60329898549178,1.0389315857463919,0.07283970713615417,0.0006504500051960349,0.07283970713615417,0.0006504500051960349,0.07283970713615417,0.0,0.05854050046764314,0,0
1.949999999999896,22.136054011319693,2.8323153974880107e-05,0.0003970352000070777,22.136054011319693,2.8323153974880107e-05,0.00039703519999534365,41.63393040452477,1.0396933316442338,0.07190103083848953,0.002594956662505865,0.07190103083848953,0.002594956662505865,0.07190103083848953,0.0,0.23354609962552786,0,0
1.9999999999998905,22.714504271529474,0.00010995026144580877,0.0015886098586078228,22.714504271529474,0.00010995026144580877,0.0015886098586008757,41.66389540791313,1.0404359281421693,0.07098209112882614,0.006412953604012728,0.07098209112882614,0.006412953604012728,0.07098209112882614,0.0,0.5771658243611455,0,0
2.0499999999998852,23.293365839751328,0.0003133007998241766,0.004621961889209946,23.293365839751328,0.0003133007998241766,0.004621961889199611,41.69318542412054,1.0411558340452718,0.0700831413269043,0.012638300657272339,0.0700831413269043,0.012638300657272339,0.0700831413269043,0.0,1.1374470591545105,0,0
2.0999999999998797,23.87262914536595,0.000730005307425333,0.010890400123510247,23.87262914536595,0.000730005307425333,0.01089040012351461,41.721790661539096,1.041847269700377,0.0692044347524643,0.02159356325864792,0.0692044347524643,0.02159356325864792,0.0692044347524643,0.0,1.9434206932783127,0,0
2.1499999999998742,24.452284404247344,0.0014795050454990103,0.022125341676371268,24.452284404247344,0.0014795050454990103,0.02212534167637159,41.749698831998536,1.0425011478078607,0.06834627687931061,0.03355763107538223,0.06834627687931061,0.03355763107538223,0.06834627687931061,0.0,3.020186796784401,0,0
2.1999999999998687,25.032321475297824,0.002708405555976359,0.040305039086555874,25.032321475297824,0.002708405555976359,0.04030503908654737,41.77689448558981,1.0431063748557228,0.06750903278589249,0.048518627882003784,0.06750903278589249,0.048518627882003784,0.06750903278589249,0.0,4.366676509380341,0,0
2.249999999999863,25.612729654783195,0.004587830537351031,0.06754017875397691,25.612729654783195,0.004587830537351031,0.06754017875397267,41.803357774011786,1.0436483320270038,0.06669316440820694,0.0664677545428276,0.06669316440820694,0.0664677545428276,0.06669316440820694,0.0,5.982097908854485,0,0
2.2999999999998577,26.19349739550112,0.007311830692867565,0.10598812474493759,26.19349739550112,0.007311830692867565,0.10598812474492547,41.82906357497346,1.0441102479880449,0.06589926779270172,0.08730235695838928,0.06589926779270172,0.08730235695838928,0.06589926779270172,0.0,7.857212126255035,0,0
2.349999999999852,26.774611970862686,0.0110952739573941,0.1577839041698985,26.774611970862686,0.0110952739573941,0.1577839041698894,41.853983683105724,1.044474991944834,0.06512809544801712,0.11075708270072937,0.06512809544801712,0.11075708270072937,0.06512809544801712,0.0,9.968137443065643,0,0
2.3999999999998467,27.35605916322276,0.016170004196326967,0.2249657235942591,27.35605916322276,0.016170004196326967,0.22496572359426636,41.878091520921984,1.0447242889665822,0.06438048928976059,0.1365536004304886,0.06438048928976059,0.1365536004304886,0.06438048928976059,0.0,12.289824038743973,0,0
2.449999999999841,27.937822868706608,0.022779575263611705,0.30939258303665124,27.937822868706608,0.022779575263611705,0.3093925830366402,41.90135706396924,1.0448414519733917,0.0636572539806366,0.16431739926338196,0.0636572539806366,0.16431739926338196,0.0636572539806366,0.0,14.788565933704376,0,0
2.4999999999998357,28.519884660393117,0.031174205863161754,0.4126734971158778,28.519884660393117,0.031174205863161754,0.41267349711588963,41.92374723524239,1.0448097826245386,0.06295929104089737,0.19369368255138397,0.06295929104089737,0.19369368255138397,0.06295929104089737,0.0,17.432431429624557,0,0
2.54999999999983,29.102223443852722,0.0416084924460571,0.5361506067179428,29.102223443852722,0.0416084924460571,0.5361506067179391,41.94522941954549,1.0446181546088926,0.0622875839471817,0.2241770476102829,0.0622875839471817,0.2241770476102829,0.0622875839471817,0.0,20.17593428492546,0,0
2.5999999999998247,29.68481512582302,0.05433867629490465,0.6808947654030646,29.68481512582302,0.05433867629490465,0.6808947654030533,41.96577256001536,1.044254223828434,0.06164311617612839,0.25537654757499695,0.06164311617612839,0.25537654757499695,0.06164311617612839,0.0,22.983889281749725,0,0
2.649999999999819,30.267632310975344,0.06961908842092435,0.8477017975458934,30.267632310975344,0.06961908842092435,0.8477017975458807,41.985353195685214,1.0437124414283045,0.06102682277560234,0.2867808938026428,0.06102682277560234,0.2867808938026428,0.06102682277560234,0.0,25.810280442237854,0,0
2.6999999999998137,30.85064418830429,0.08769720292062552,1.037092849219998,30.850905021767858,0.086944879104637,0.8652060263399903,42.00395926855162,1.0434928846990543,0.06043940410017967,0.31796181201934814,0.06043940410017967,0.31796181201934814,0.06043940410017967,0.0,28.616563081741333,0,0
2.749999999999808,31.43381680021283,0.10880915138312944,1.2492904073038058,31.43465865526996,0.10523524950732129,0.790933949303394,42.021615922646404,1.0432426193512156,0.05988122150301933,0.3483681082725525,0.05988122150301933,0.3483681082725525,0.05988122150301933,0.0,31.353129744529724,0,0
2.7999999999998026,32.01711358044716,0.133173825397131,1.4841181056356683,32.01884272082943,0.12352213069515774,0.6820295928300482,42.038372460778156,1.0428362713651698,0.05935152247548103,0.3776590824127197,0.05935152247548103,0.3776590824127197,0.05935152247548103,0.0,33.989317417144775,0,0
2.849999999999797,32.60049570433058,0.16099192132489715,1.7410449384304647,32.603842579515,0.1410432191262399,0.4234743084855097,42.054290249310306,1.0431071504408402,0.058848824352025986,0.40527796745300293,0.058848824352025986,0.40527796745300293,0.058848824352025986,0.0,36.475017070770264,0,0
2.8999999999997916,33.183922323812915,0.19244315714581062,2.019222588269768,33.18917162421525,0.15686620899414733,0.24362206171252865,42.06942160002693,1.0424933702044867,0.05837129428982735,0.43092820048332214,0.05837129428982735,0.43092820048332214,0.05837129428982735,0.0,38.78353804349899,0,0
2.949999999999786,33.767351029599794,0.22768314840509948,2.317460600401684,33.77528459612708,0.17060399873503262,-0.08754865830385938,42.08382479522927,1.042747071746104,0.05791735276579857,0.45410051941871643,0.05791735276579857,0.45410051941871643,0.05791735276579857,0.0,40.86904674768448,0,0
2.9999999999997806,34.35073864438499,0.2668387734449495,2.6342216844550492,34.3619536902665,0.18163425667674382,-0.45674831908542046,42.097554620744056,1.04266341801297,0.05748525634407997,0.47450143098831177,0.05748525634407997,0.47450143098831177,0.05748525634407997,0.0,42.70512878894806,0,0
3.049999999999775,34.93404209323097,0.3100071645334672,2.9676676149424024,34.9490313219838,0.18974756525678718,-0.8083773699525523,42.11068613113462,1.0424267599949115,0.05707336217164993,0.49183496832847595,0.05707336217164993,0.49183496832847595,0.05707336217164993,0.0,44.265147149562836,0,0
3.0999999999997696,35.51721942753015,0.35725461978571665,3.3157442365015406,35.53676523479875,0.19455548099328535,-1.2581770233992415,42.123287272662175,1.0427638588133183,0.056679416447877884,0.5058157444000244,0.056679416447877884,0.5058157444000244,0.056679416447877884,0.0,45.5234169960022,0,0
3.149999999999764,36.10023077698105,0.40861563183719773,3.6762082342709763,36.12454920211577,0.19594861416197276,-1.6370164041440773,42.13544626602117,1.0422019680255725,0.056301381438970566,0.5161479711532593,0.056301381438970566,0.5161479711532593,0.056301381438970566,0.0,46.453317403793335,0,0
3.1999999999997586,36.68303964202688,0.46409215301692003,4.04655959610606,36.712691208962674,0.19390008924457638,-2.060851631754929,42.147260908073314,1.0423795868969672,0.05593661218881607,0.5226184129714966,0.05593661218881607,0.5226184129714966,0.05593661218881607,0.0,47.03565716743469,0,0
3.249999999999753,37.26561386489958,0.5236524075181007,4.424087271005425,37.30020714465211,0.188291206685198,-2.249179182274844,42.158824834833645,1.0411050563711666,0.05558217316865921,0.525111973285675,0.05558217316865921,0.525111973285675,0.05558217316865921,0.0,47.260077595710754,0,0
3.2999999999997476,37.84792666638429,0.5872306635056598,4.805951213958967,37.88844657340702,0.17922100592897433,-2.6572972674940445,42.17022968865219,1.0423921782349663,0.055235255509614944,0.5234828591346741,0.055235255509614944,0.5234828591346741,0.055235255509614944,0.0,47.11345732212067,0,0
3.349999999999742,38.42995758188278,0.6547277724878288,5.189194155973516,38.47627987781396,0.16694554176609752,-2.948929446836786,42.18155892514322,1.041924281106386,0.05489310994744301,0.5176762938499451,0.05489310994744301,0.5176762938499451,0.05489310994744301,0.0,46.590866446495056,0,0
3.3999999999997366,39.01169328928072,0.7260117906562034,5.5707587012789075,39.064031295851585,0.1515891735980044,-3.2399742847059088,42.19288754563513,1.0422535702394655,0.054553233087062836,0.5076125264167786,0.054553233087062836,0.5076125264167786,0.054553233087062836,0.0,45.68512737751007,0,0
3.449999999999731,39.59312836422776,0.8009185150890734,5.947525089572996,39.651701259453944,0.13341841887632536,-3.533378528377739,42.20427853782225,1.042768948111317,0.054213374853134155,0.4933417737483978,0.054213374853134155,0.4933417737483978,0.054213374853134155,0.0,44.400759637355804,0,0
3.4999999999997256,40.174265569470656,0.8792531808362058,6.316349263247377,40.23878158059673,0.11255252148419723,-3.6654800244856176,42.215783664343355,1.0426476454739293,0.05387164279818535,0.4748516380786896,0.05387164279818535,0.4748516380786896,0.05387164279818535,0.0,42.73664742708206,0,0
3.54999999999972,40.75511616223912,0.9607894314194518,6.674072403937842,40.825706466263725,0.08947468709749834,-3.807145740193647,42.22744218396232,1.0434304426192802,0.053526490926742554,0.45228707790374756,0.053526490926742554,0.45228707790374756,0.053526490926742554,0.0,40.70583701133728,0,0
3.5999999999997145,41.33570016683694,1.0452688519378532,7.017549720891133,41.412493524998254,0.06429225624165844,-3.9062240935690227,42.23925993756941,1.0443651210965283,0.05317673459649086,0.4257567226886749,0.05317673459649086,0.4257567226886749,0.05317673459649086,0.0,38.31810504198074,0,0
3.649999999999709,41.91604613766649,1.1324045412921249,7.343741545429107,41.999110320612466,0.03752867571054329,-4.021272414711092,42.25123397721835,1.0452672063759336,0.05282220244407654,0.39548760652542114,0.05282220244407654,0.39548760652542114,0.05282220244407654,0.0,35.5938845872879,0,0
3.6999999999997035,42.496189856148355,1.2218901958212536,7.6498159454983465,42.5856308653925,0.009282116723674256,-4.045236959124537,42.263343890622004,1.046366363930512,0.05246298015117645,0.36163532733917236,0.05246298015117645,0.36163532733917236,0.05246298015117645,0.0,32.54717946052551,0,0
3.749999999999698,43.07617394629117,1.313401262299489,7.933138438586546,43.17204407677238,-0.019932563166970695,-3.9815053892019137,42.27555042684386,1.0474585481868501,0.05209968239068985,0.32440462708473206,0.05209968239068985,0.32440462708473206,0.05209968239068985,0.0,29.196416437625885,0,0
3.7999999999996925,43.656047934465214,1.4065914617185022,8.19125193278347,43.75842409950592,-0.04982037846583092,-3.9426282378497604,42.287811466564854,1.0485554036804492,0.051733486354351044,0.2842245399951935,0.051733486354351044,0.2842245399951935,0.051733486354351044,0.0,25.580208599567413,0,0
3.849999999999687,44.23586771493368,1.501093739050696,8.42187630391712,44.344948559505895,-0.08014316447756178,-3.876195092007464,42.30006628299947,1.0498406961680247,0.05136565491557121,0.2412540465593338,0.05136565491557121,0.2412540465593338,0.05136565491557121,0.0,21.712864190340042,0,0
3.8999999999996815,44.81569365800845,1.5965259401668173,8.622841776344035,44.931651949738395,-0.11059002462371084,-3.729914610843025,42.312237861958884,1.0510526800997595,0.050998009741306305,0.19591347873210907,0.050998009741306305,0.19591347873210907,0.050998009741306305,0.0,17.632213085889816,0,0
3.949999999999676,45.395588357965174,1.692499782048146,8.792204903507653,45.518694751397334,-0.14069953674297145,-3.560551483678438,42.324245440269834,1.0523369957233786,0.050632864236831665,0.148650661110878,0.050632864236831665,0.148650661110878,0.050632864236831665,0.0,13.37855949997902,0,0
3.9999999999996705,45.97561529032906,1.7886234087730428,8.928350681414663,46.10622584607762,-0.17022338661111447,-3.3150129575585083,42.33600029946903,1.0536788990054422,0.050272636115550995,0.0999366044998169,0.050272636115550995,0.0999366044998169,0.050272636115550995,0.0,8.99429440498352,0,0
4.049999999999687,46.55583757187645,1.8845028611142305,9.030033676316066,46.693947109971916,-0.198858031112974,-3.1038464943171675,42.347412127619265,1.0541801074256996,0.04991999268531799,0.05025202035903931,0.04991999268531799,0.05025202035903931,0.04991999268531799,0.0,4.522681832313538,0,0
4.099999999999704,47.13631667424037,1.9797445860083558,9.096320653500696,47.282359850390435,-0.22633477028832727,-2.8183231742876558,42.35839167040659,1.0553409112171925,0.049577634781599045,0.00016205752035602927,0.049577634781599045,0.00016205752035602927,0.049577634781599045,0.0,0.014585176832042634,0,0
4.149999999999721,47.71711104751334,2.073959003955235,9.126616938085133,47.87153818174609,-0.2523018269409229,-2.458509286769612,42.36885334084459,1.056387739475833,0.04924824833869934,-0.049799565225839615,0.04924824833869934,-0.049799565225839615,0.04924824833869934,0.0,-4.481960870325565,0,0
4.199999999999737,48.29827359366633,2.16677099657522,9.120695036487534,48.46133166457885,-0.27642086282084294,-2.079010987306333,42.37872372719955,1.056902964457768,0.04893440008163452,-0.09889167547225952,0.04893440008163452,-0.09889167547225952,0.04893440008163452,0.0,-8.900250792503357,0,0
4.249999999999754,48.87984937507573,2.2578304490901675,9.078835471941828,49.051491595781584,-0.2984261003851084,-1.7344209290233152,42.38794644260119,1.0567198109086728,0.04863828793168068,-0.14652729034423828,0.04863828793168068,-0.14652729034423828,0.04863828793168068,0.0,-13.187456130981445,0,0
4.299999999999771,49.46187566905607,2.3468113271031115,9.00180507604843,49.642727200489254,-0.3179274267918671,-1.3131251271280178,42.39648580223903,1.0576546681299852,0.048361606895923615,-0.19188252091407776,0.048361606895923615,-0.19188252091407776,0.048361606895923615,0.0,-17.269426882267,0,0
4.349999999999787,50.044381722257384,2.433414108441379,8.890823824287013,50.23423735166503,-0.33469235019353605,-0.9241975770671615,42.40432866848226,1.0570100010192303,0.048105426132678986,-0.23426753282546997,0.048105426132678986,-0.23426753282546997,0.048105426132678986,0.0,-21.084077954292297,0,0
4.399999999999804,50.62738780695973,2.5173738601249886,8.7475763474034,50.82636694012793,-0.34839247266782697,-0.5102185532641954,42.41149275932666,1.0569390098806226,0.04787014052271843,-0.272830992937088,0.04787014052271843,-0.272830992937088,0.04787014052271843,0.0,-24.55478936433792,0,0
4.449999999999821,51.210904424314364,2.5984694922652873,8.574267595872014,51.419562148590515,-0.3588095232225486,-0.012524769321032636,42.41802413740244,1.0576938267071196,0.047655217349529266,-0.306873083114624,0.047655217349529266,-0.306873083114624,0.047655217349529266,0.0,-27.618577480316162,0,0
4.4999999999998375,51.79493233819038,2.6765298130929973,8.373619587595524,52.01305062294646,-0.36555126864690607,0.4602112621500396,42.423990463043864,1.0571264652969083,0.04745927453041077,-0.3363052308559418,0.04745927453041077,-0.3363052308559418,0.04745927453041077,0.0,-30.26747077703476,0,0
4.549999999999854,52.37946490240187,2.7514249353917957,8.14870367637435,52.606626904901056,-0.36830876227049275,0.9108866276072263,42.42947076424284,1.056310409508589,0.04728028550744057,-0.361252099275589,0.04728028550744057,-0.361252099275589,0.04728028550744057,0.0,-32.51268893480301,0,0
4.599999999999871,52.964490239350795,2.823055872438146,7.902722219005033,53.201110432837034,-0.36709523940196087,1.4556472160051044,42.434537499358996,1.0570910106224782,0.04711587727069855,-0.3819361925125122,0.04711587727069855,-0.3819361925125122,0.04711587727069855,0.0,-34.3742573261261,0,0
4.649999999999888,53.54999235946327,2.8913501681315257,7.63880839609891,53.79564671250952,-0.3615317092441466,1.984949351863122,42.439261209693804,1.0564915115153024,0.046963874250650406,-0.3986543118953705,0.046963874250650406,-0.3986543118953705,0.046963874250650406,0.0,-35.87888807058334,0,0
4.699999999999904,54.1359519739655,2.9562603616758403,7.359967841680541,54.38929638697997,-0.35163919022424694,2.387754697091509,42.443709767984636,1.0544236749421128,0.046822164207696915,-0.41164055466651917,0.046822164207696915,-0.41164055466651917,0.046822164207696915,0.0,-37.047649919986725,0,0
4.749999999999921,54.72234717102836,3.0177632487005206,7.069042469616337,54.98289950570535,-0.3374649997744791,2.7798891407974793,42.447945154837484,1.0540539325349005,0.04668870568275452,-0.4211415648460388,0.04668870568275452,-0.4211415648460388,0.04668870568275452,0.0,-37.902740836143494,0,0
4.799999999999938,55.30915409881334,3.075857907860773,6.768697786421975,55.57626333831282,-0.3191860030128668,3.1638278826809483,42.45202268978002,1.0535065614842454,0.046561647206544876,-0.42746344208717346,0.046561647206544876,-0.42746344208717346,0.046561647206544876,0.0,-38.47170978784561,0,0
4.849999999999954,55.89634776624823,3.130562813034993,6.46141299207773,56.16958514584916,-0.2968837023004623,3.5990077659660926,42.455991867664395,1.0534231669710965,0.04643931984901428,-0.430869996547699,0.04643931984901428,-0.430869996547699,0.04643931984901428,0.0,-38.77829968929291,0,0
4.899999999999971,56.48390264019805,3.181913642711892,6.149481667167825,56.762186474510536,-0.2709790812965199,3.9732891166424906,42.45989334369663,1.0522714705775609,0.046320244669914246,-0.4316276013851166,0.046320244669914246,-0.4316276013851166,0.046320244669914246,0.0,-38.84648412466049,0,0
4.949999999999988,57.07179314085709,3.2299613936770037,5.835015159503641,57.3539210833507,-0.2419539868866604,4.231152388348903,42.46376076405618,1.0510356065111561,0.04620319977402687,-0.42997536063194275,0.04620319977402687,-0.42997536063194275,0.04620319977402687,0.0,-38.69778245687485,0,0
5.000000000000004,57.659994053672314,3.274770801026475,5.5199440250281855,57.94526232342609,-0.21047499775139636,4.488731355140118,42.467621100146474,1.0507099560607787,0.046087175607681274,-0.4261581599712372,0.046087175607681274,-0.4261581599712372,0.046087175607681274,0.0,-38.354234397411346,0,0
5.050000000000021,58.24848095490787,3.316418772427518,5.206039505609827,58.53563183105302,-0.1772037975710012,4.575811349347987,42.47149505208565,1.049523990676113,0.04597136750817299,-0.42041918635368347,0.04597136750817299,-0.42041918635368347,0.04597136750817299,0.0,-37.83772677183151,0,0
5.100000000000038,58.83723054974881,3.3549908909311714,4.894912258438592,59.12561509132619,-0.14309347316033716,4.608435748161412,42.47539567986976,1.0494453962238466,0.04585514962673187,-0.4129760265350342,0.04585514962673187,-0.4129760265350342,0.04585514962673187,0.0,-37.167842388153076,0,0
5.1500000000000545,59.426220564652226,3.390580461320906,4.5880045925516795,59.71521141900213,-0.10914570467090748,4.530708832137066,42.47933222640457,1.049445778709485,0.04573813080787659,-0.40404951572418213,0.04573813080787659,-0.40404951572418213,0.04573813080787659,0.0,-36.36445641517639,0,0
5.200000000000071,60.01542974523554,3.4232897738112644,4.286597600230018,60.304529745235534,-0.07671022618873558,4.28659760023001,42.483313507923675,1.0497480802428787,0.04562003165483475,-0.3938385844230652,0.04562003165483475,-0.3938385844230652,0.04562003165483475,0.0,-35.44547259807587,0,0
5.250000000000088,60.60483815129833,3.453227775073275,3.9918155377137436,60.89393815129833,-0.04677222492672506,3.991815537713734,42.4873390166064,1.0507001296692995,0.04550059512257576,-0.38253143429756165,0.04550059512257576,-0.38253143429756165,0.04550059512257576,0.0,-34.42782908678055,0,0
5.300000000000105,61.19442744577198,3.4805061928245116,3.704616347489656,61.483527445771976,-0.01949380717548843,3.7046163474896616,42.49140676091644,1.0517553755685982,0.04537982866168022,-0.37030404806137085,0.04537982866168022,-0.37030404806137085,0.04537982866168022,0.0,-33.32736432552338,0,0
5.350000000000121,61.78418087339587,3.5052391753188825,3.4258033883195007,62.07328087339587,0.005239175318882516,3.4258033883195083,42.495513073949546,1.052725542143711,0.045257795602083206,-0.3573146462440491,0.045257795602083206,-0.3573146462440491,0.045257795602083206,0.0,-32.15831816196442,0,0
5.400000000000138,62.374083190448985,3.52754290383711,3.1560422242321144,62.66318319044899,0.02754290383711,3.1560422242321238,42.49965313928488,1.0536180469863656,0.04513460770249367,-0.3437071740627289,0.04513460770249367,-0.3437071740627289,0.04513460770249367,0.0,-30.9336456656456,0,0
5.450000000000155,62.96412058640005,3.547535371027562,2.895884228246979,63.25322058640005,0.04753537102756189,2.8958842282469845,42.50381938562497,1.0544395741760324,0.04501040652394295,-0.32961326837539673,0.04501040652394295,-0.32961326837539673,0.04501040652394295,0.0,-29.665194153785706,0,0
5.500000000000171,63.55428063957039,3.565335531805037,2.64577989110312,63.84338063957039,0.06533553180503704,2.645779891103132,42.50800577841401,1.0551961723579548,0.04488541930913925,-0.3151545524597168,0.04488541930913925,-0.3151545524597168,0.04488541930913925,0.0,-28.36390972137451,0,0
5.550000000000188,64.14455228006449,3.581062185692374,2.4060820136537764,64.43365228006449,0.08106218569237411,2.406082013653787,42.51220434784095,1.0558933627341203,0.04475982487201691,-0.3004433214664459,0.04475982487201691,-0.3004433214664459,0.04475982487201691,0.0,-27.039898931980133,0,0
5.600000000000205,64.73492569397541,3.5948332381516974,2.1770493053561397,65.0240256939754,0.09483323815169742,2.1770493053561495,42.516406638850476,1.056536138867177,0.04463386908173561,-0.28558221459388733,0.04463386908173561,-0.28558221459388733,0.04463386908173561,0.0,-25.70239931344986,0,0
5.6500000000002215,65.32539222294685,3.6067651891025045,1.958851783493521,65.61449222294685,0.10676518910250454,1.9588517834935146,42.52060399325697,1.0571290380041072,0.04450780153274536,-0.2706642150878906,0.04450780153274536,-0.2706642150878906,0.04450780153274536,0.0,-24.359779357910156,0,0
5.700000000000238,65.91594425373636,3.616973320452077,1.7515854227078964,66.20504425373635,0.11697332045207709,1.7515854227079046,42.52478830202481,1.0576761753589254,0.04438187927007675,-0.2557727098464966,0.04438187927007675,-0.2557727098464966,0.04438187927007675,0.0,-23.019543886184692,0,0
5.750000000000255,66.50657512307139,3.625571687686418,1.5552918115423653,66.79567512307139,0.1255716876864179,1.5552918115423608,42.52895024961779,1.0581812783355047,0.04425635188817978,-0.24098317325115204,0.04425635188817978,-0.24098317325115204,0.04425635188817978,0.0,-21.688485592603683,0,0
5.800000000000272,67.0972790415969,3.632671186291827,1.3699417126649638,67.38637904159691,0.13267118629182706,1.3699417126649678,42.53308059671951,1.0586477489513741,0.04413149133324623,-0.22636492550373077,0.04413149133324623,-0.22636492550373077,0.04413149133324623,0.0,-20.37284329533577,0,0
5.850000000000288,67.68805094288463,3.638380134926025,1.1954339166274475,67.97715094288462,0.1383801349260252,1.1954339166274508,42.53717133989703,1.0590786142057482,0.04400758072733879,-0.21197856962680817,0.04400758072733879,-0.21197856962680817,0.04400758072733879,0.0,-19.078071266412735,0,0
5.900000000000305,68.27888640476917,3.6428043711596474,1.0316323549168571,68.56798640476917,0.1428043711596474,1.0316323549168658,42.5412140694061,1.0594766748608853,0.04388485848903656,-0.19787602126598358,0.04388485848903656,-0.19787602126598358,0.04388485848903656,0.0,-17.808841913938522,0,0
5.950000000000322,68.86978162525837,3.646045525880165,0.8783596392938756,69.15888162525836,0.14604552588016517,0.8783596392938762,42.54520061968875,1.059844574121908,0.043763577938079834,-0.18410438299179077,0.043763577938079834,-0.18410438299179077,0.043763577938079834,0.0,-16.56939446926117,0,0
6.000000000000338,69.46073334526103,3.6482012901790046,0.7353976615217487,69.74983334526104,0.14820129017900463,0.7353976615217448,42.54912367097798,1.0601847460418232,0.04364398121833801,-0.1707042008638382,0.04364398121833801,-0.1707042008638382,0.04364398121833801,0.0,-15.363378077745438,0,0
6.050000000000355,70.05173875591001,3.6493656112545465,0.6024930980430858,70.34083875591001,0.1493656112545465,0.6024930980430838,42.55297660588343,1.0604994002470578,0.043526288121938705,-0.15770971775054932,0.043526288121938705,-0.15770971775054932,0.043526288121938705,0.0,-14.193874597549438,0,0
6.100000000000372,70.6427954305395,3.649628632136384,0.47935875008125933,70.9318954305395,0.149628632136384,0.4793587500812464,42.5567535684754,1.0607905666386417,0.04341070353984833,-0.14514954388141632,0.04341070353984833,-0.14514954388141632,0.04341070353984833,0.0,-13.063458949327469,0,0
6.1500000000003885,71.23390127703942,3.6490766153825875,0.36566987977085097,71.52300127703941,0.14907661538258754,0.36566987977084864,42.56044943088077,1.061060138765854,0.04329739138484001,-0.1330466866493225,0.04329739138484001,-0.1330466866493225,0.04329739138484001,0.0,-11.974201798439026,0,0
6.200000000000405,71.82505447475535,3.6477914474815294,0.26109031361072554,72.11415447475535,0.1477914474815294,0.26109031361073676,42.564059749290756,1.061309855272687,0.04318651556968689,-0.12141823768615723,0.04318651556968689,-0.12141823768615723,0.04318651556968689,0.0,-10.92764139175415,0,0
6.250000000000422,72.41625340628221,3.645850761799006,0.16527904232121746,72.7053534062822,0.1458507617990059,0.16527904232123092,42.56758090113921,1.0615412711172818,0.04307820647954941,-0.11027758568525314,0.04307820647954941,-0.11027758568525314,0.04307820647954941,0.0,-9.924982711672783,0,0
6.300000000000439,73.00749662563612,3.643328175755329,0.07788848342014854,73.29659662563613,0.14332817575532886,0.07788848342013921,42.57100997886724,1.0617558186577993,0.04297257214784622,-0.09963522851467133,0.04297257214784622,-0.09963522851467133,0.04297257214784622,0.0,-8.96717056632042,0,0
6.350000000000455,73.59878283482958,3.640293330449943,-0.0014361499656292368,73.88788283482958,0.1402933304499432,-0.0014361499656274646,42.57434470878202,1.0619548313735214,0.042869701981544495,-0.08949866890907288,0.042869701981544495,-0.08949866890907288,0.042869701981544495,0.0,-8.054880201816559,0,0
6.400000000000472,74.19011085467618,3.6368118570730164,-0.07305619041004763,74.47921085467617,0.13681185707301635,-0.07305619041005684,42.5775834167224,1.0621395402739575,0.0427696593105793,-0.07987242937088013,0.0427696593105793,-0.07987242937088013,0.0427696593105793,0.0,-7.188518643379211,0,0
6.450000000000489,74.78147959586214,3.63294537829967,-0.13733812229884632,75.07057959586214,0.13294537829967012,-0.1373381222988428,42.580725001502586,1.0623110779863962,0.042672496289014816,-0.07075805962085724,0.042672496289014816,-0.07075805962085724,0.042672496289014816,0.0,-6.3682253658771515,0,0
6.500000000000505,75.37288803487654,3.628751562591275,-0.19465176372165655,75.66198803487653,0.12875156259127518,-0.1946517637216516,42.58376889530825,1.0624704881266178,0.04257825016975403,-0.06215430796146393,0.04257825016975403,-0.06215430796146393,0.04257825016975403,0.0,-5.5938877165317535,0,0
6.550000000000522,75.96433519334002,3.624283997789181,-0.24537101443861706,76.25343519334002,0.1242839977891812,-0.24537101443860365,42.58671491872285,1.0626185748474013,0.04248693212866783,-0.05409887433052063,0.04248693212866783,-0.05409887433052063,0.04248693212866783,0.0,-4.868898689746857,0,0
6.600000000000539,76.55582009879075,3.6195893231673986,-0.28991202790950166,76.84492009879075,0.11958932316739856,-0.28991202790950865,42.589562369048465,1.0627546125581186,0.04239855334162712,-0.04708379507064819,0.04239855334162712,-0.04708379507064819,0.04239855334162712,0.0,-4.237541556358337,0,0
6.6500000000005555,77.14734168981829,3.6146977954589694,-0.32887356735791945,77.4364416898183,0.11469779545896941,-0.32887356735793105,42.5923099428552,1.0628769353788294,0.04231312870979309,-0.041942160576581955,0.04231312870979309,-0.041942160576581955,0.04231312870979309,0.0,-3.774794451892376,0,0
6.700000000000572,77.73889870003778,3.6096129396512775,-0.36321051189657466,78.02799870003777,0.1096129396512775,-0.3632105118965683,42.59495679073858,1.0629846259725482,0.04223070293664932,-0.03924477472901344,0.04223070293664932,-0.03924477472901344,0.04223070293664932,0.0,-3.53202972561121,0,0
6.750000000000589,78.3304895750734,3.60430711915884,-0.3943119882590335,78.6195895750734,0.10430711915884006,-0.3943119882590338,42.59750201024722,1.0630760806690018,0.04215129464864731,-0.039554301649332047,0.04215129464864731,-0.039554301649332047,0.04215129464864731,0.0,-3.559887148439884,0,0
6.800000000000606,78.92211239425635,3.5987196313327456,-0.42399715020229617,79.21121239425634,0.09871963133274564,-0.4239971502022968,42.59994351546765,1.0631481722129115,0.04207494109869003,-0.043199386447668076,0.04207494109869003,-0.043199386447668076,0.04207494109869003,0.0,-3.887944780290127,0,0
6.850000000000622,79.51376477972734,3.592756955022408,-0.45443918683032775,79.80286477972734,0.09275695502240788,-0.4544391868303137,42.60227629292277,1.0631947790331622,0.042001694440841675,-0.05041966959834099,0.042001694440841675,-0.05041966959834099,0.042001694440841675,0.0,-4.537770263850689,0,0
6.900000000000639,80.10544376951529,3.5862942641164377,-0.48805766270181594,80.3945437695153,0.0862942641164377,-0.48805766270180584,42.60449094470987,1.063207458066275,0.04193171113729477,-0.06117567792534828,0.04193171113729477,-0.06117567792534828,0.04193171113729477,0.0,-5.505811013281345,0,0
6.950000000000656,80.69714564867408,3.579178607599025,-0.527397611630976,80.98624564867407,0.07917860759902506,-0.5273976116309882,42.60657189635577,1.0631725921606163,0.0418652705848217,-0.0755309909582138,0.0418652705848217,-0.0755309909582138,0.0418652705848217,0.0,-6.7977891862392426,0,0
7.000000000000672,81.28886568559972,3.571230892643911,-0.575040943396425,81.57796568559972,0.07123089264391114,-0.5750409433964307,42.60849722785261,1.0630762413107389,0.041802842170000076,-0.09319261461496353,0.041802842170000076,-0.09319261461496353,0.041802842170000076,0.0,-8.387335315346718,0,0
7.050000000000689,81.88059780865517,3.562248579223767,-0.6335135682254635,82.16969780865516,0.06224857922376703,-0.6335135682254531,42.610237856210524,1.0628994367856877,0.041745081543922424,-0.11399532109498978,0.041745081543922424,-0.11399532109498978,0.041745081543922424,0.0,-10.25957889854908,0,0
7.100000000000706,82.47233422981718,3.552007626285475,-0.7052271571151802,82.76143422981718,0.05200762628547517,-0.7052271571151891,42.6117594244727,1.0626252672902234,0.041692864149808884,-0.13750974833965302,0.041692864149808884,-0.13750974833965302,0.041692864149808884,0.0,-12.375877350568771,0,0
7.1500000000007224,83.06406507790098,3.5402683405953463,-0.7923952633025608,83.35316507790098,0.04026834059534634,-0.7923952633025522,42.613024565225004,1.0622343353217456,0.04164721816778183,-0.16337864100933075,0.04164721816778183,-0.16337864100933075,0.04164721816778183,0.0,-14.704077690839767,0,0
7.200000000000739,83.65577804464846,3.5267817900448897,-0.8969511742841783,83.94487804464845,0.026781790044889675,-0.8969511742841689,42.61399493200935,1.06171101337491,0.0416092611849308,-0.19109582901000977,0.0416092611849308,-0.19109582901000977,0.0416092611849308,0.0,-17.19862461090088,0,0
7.250000000000756,84.2474580874757,3.5112936913790422,-1.0205106218758668,84.5365580874757,0.011293691379042237,-1.0205106218758715,42.61463253985804,1.0610389681376118,0.04158015176653862,-0.2202325016260147,0.04158015176653862,-0.2202325016260147,0.04158015176653862,0.0,-19.820925146341324,0,0
7.3000000000007725,84.83908713408981,3.493546979928616,-1.1643762824135693,85.12818713408981,-0.006453020071384152,-1.1643762824135706,42.614902454967954,1.060208009042131,0.04156102240085602,-0.25022661685943604,0.04156102240085602,-0.25022661685943604,0.04156102240085602,0.0,-22.520395517349243,0,0
7.350000000000789,85.43064384694691,3.4732864753943558,-1.3295284629026556,85.71977042980107,-0.026582867467266593,-1.2722327024882816,42.61477716347431,1.0592713282444823,0.04155292734503746,-0.28057974576950073,0.04155292734503746,-0.28057974576950073,0.04155292734503746,0.0,-25.252177119255066,0,0
7.400000000000806,86.02210353419619,3.450264024746105,-1.5166199883175469,86.31139732134007,-0.04844717354127236,-1.2874380925634625,42.61423543212594,1.0584004560854996,0.04155668616294861,-0.31085315346717834,0.04155668616294861,-0.31085315346717834,0.04155668616294861,0.0,-27.97678381204605,0,0
7.450000000000823,86.61343820449002,3.424243082786615,-1.7259826244163616,86.90327477668804,-0.07073310874007822,-1.2103345309966471,42.613268509084186,1.0578308189656693,0.0415729358792305,-0.34039434790611267,0.0415729358792305,-0.34039434790611267,0.0415729358792305,0.0,-30.63549131155014,0,0
7.500000000000839,87.20461690858153,3.395006258376269,-1.9575078111300446,87.49539091301527,-0.09260187417366253,-0.9835733745290725,42.61188159429948,1.0571991459825183,0.04160194471478462,-0.3687852621078491,0.04160194471478462,-0.3687852621078491,0.04160194471478462,0.0,-33.19067358970642,0,0
7.550000000000856,87.7956061668005,3.362356561039495,-2.210684831386446,88.08762017691365,-0.11311631814747611,-0.8358500508171005,42.61009746314247,1.056283191759713,0.04164355248212814,-0.39559295773506165,0.04164355248212814,-0.39559295773506165,0.04164355248212814,0.0,-35.60336619615555,0,0
7.600000000000873,88.38637047370395,3.3261183859979813,-2.48464985951741,88.68056386129412,-0.1315780805141299,-0.4801158274117654,42.60795126461785,1.0564802495166705,0.041697077453136444,-0.4202733039855957,0.041697077453136444,-0.4202733039855957,0.041697077453136444,0.0,-37.82459735870361,0,0
7.650000000000889,88.97687310732256,3.2861420457256996,-2.778160857460407,89.27373302052096,-0.147465854909747,-0.14441162392290607,42.605491276345546,1.0558208901886657,0.04176146164536476,-0.4425450265407562,0.04176146164536476,-0.4425450265407562,0.04176146164536476,0.0,-39.82905238866806,0,0
7.700000000000906,89.56707700816759,3.242306767842494,-3.0896320725887136,89.8672428851826,-0.16043314369779746,0.22980427772844791,42.60277857781939,1.055442557068294,0.04183526337146759,-0.4619576036930084,0.04183526337146759,-0.4619576036930084,0.04183526337146759,0.0,-41.57618433237076,0,0
7.750000000000923,90.15694577538399,3.1945231044710347,-3.4171644368959537,90.4611167703969,-0.16990603565753157,0.6440209127435708,42.59988523318081,1.0552120747960507,0.04191664233803749,-0.47824788093566895,0.04191664233803749,-0.47824788093566895,0.04191664233803749,0.0,-43.042309284210205,0,0
7.8000000000009395,90.74644465864232,3.142733835513131,-3.758610522857715,91.05511687426028,-0.17594516973174074,1.0429628270162823,42.59688583548559,1.0546980824992314,0.04200344160199165,-0.4910828769207001,0.04200344160199165,-0.4910828769207001,0.04200344160199165,0.0,-44.19745892286301,0,0
7.850000000000956,91.33554170441536,3.086915461008314,-4.111639820062931,91.64928155948543,-0.17814802929380316,1.4854740055043294,42.593871390000714,1.0544176726713541,0.042093425989151,-0.500211775302887,0.042093425989151,-0.500211775302887,0.042093425989151,0.0,-45.01905977725983,0,0
7.900000000000973,91.92420876697672,3.027077467376929,-4.473686890145086,92.24327048831987,-0.17674982566667674,1.8602162179335835,42.59093110568511,1.053736557168032,0.042183857411146164,-0.505471408367157,0.042183857411146164,-0.505471408367157,0.042183857411146164,0.0,-45.49242675304413,0,0
7.95000000000099,92.51242242636084,2.9632631990986322,-4.841984920055304,92.83717168438127,-0.17158232720429437,2.2266101969482293,42.58815539666446,1.053433119165463,0.042272068560123444,-0.506633996963501,0.042272068560123444,-0.506633996963501,0.042272068560123444,0.0,-45.59705972671509,0,0
8.000000000001005,93.10016512912298,2.895551459169108,-5.21362741126515,93.43087696036076,-0.16290425006127182,2.5873308881305093,42.58562996561149,1.0531531731115336,0.042355336248874664,-0.5036212801933289,0.042355336248874664,-0.5036212801933289,0.042355336248874664,0.0,-45.3259152173996,0,0
8.050000000000978,93.68742604598232,2.824055259659765,-5.585580701417139,94.02414919964687,-0.15075400104409853,2.8891417127174464,42.58343119473456,1.0526902807961165,0.04243110120296478,-0.4963553845882416,0.04243110120296478,-0.4963553845882416,0.04243110120296478,0.0,-44.67198461294174,0,0
8.10000000000095,94.27420183056913,2.7489209658289333,-5.954718522623424,94.61705422167408,-0.13548351131276004,3.1355583981994073,42.581624171705606,1.0525776796402364,0.04249706491827965,-0.48484018445014954,0.04249706491827965,-0.48484018445014954,0.04249706491827965,0.0,-43.63561660051346,0,0
8.150000000000922,94.86049713762937,2.6703270040512344,-6.317868338206302,95.20969648422061,-0.11732499491170613,3.385854202451412,42.58026292251419,1.0528297225130367,0.042551275342702866,-0.46904435753822327,0.042551275342702866,-0.46904435753822327,0.042551275342702866,0.0,-42.213992178440094,0,0
8.200000000000895,95.44632501094164,2.5884834126909215,-6.671834139031291,95.8018398262338,-0.09652681603848841,3.5321395827010917,42.57938856493815,1.05287424398664,0.042592111974954605,-0.44904860854148865,0.042592111974954605,-0.44904860854148865,0.042592111974954605,0.0,-40.41437476873398,0,0
8.250000000000867,96.03170735122889,2.5036331522318713,-7.013409548550609,96.393623245845,-0.0734734008770573,3.689247945651573,42.579021208695345,1.0532700758109081,0.042618341743946075,-0.42500269412994385,0.042618341743946075,-0.42500269412994385,0.042618341743946075,0.0,-38.250242471694946,0,0
8.30000000000084,96.61667483215147,2.4160501402127865,-7.339449799684448,96.98509871832397,-0.04840846257831512,3.8602562241078715,42.57916224235102,1.0538135293374444,0.042629364877939224,-0.39700987935066223,0.042629364877939224,-0.39700987935066223,0.042629364877939224,0.0,-35.7308891415596,0,0
8.350000000000811,97.20126600329083,2.32603315140821,-7.646973373125918,97.57620787815435,-0.021662426652875388,3.8831570156764883,42.57978959568214,1.0543816676434152,0.04262513294816017,-0.3652803897857666,0.04262513294816017,-0.3652803897857666,0.04262513294816017,0.0,-32.875235080718994,0,0
8.400000000000784,97.78552612799996,2.233898823789417,-7.933210977045686,98.16699855921335,0.00633686350505282,3.871681362741242,42.58086655226,1.055030666156937,0.04260631278157234,-0.3300643563270569,0.04260631278157234,-0.3300643563270569,0.04260631278157234,0.0,-29.70579206943512,0,0
8.450000000000756,98.3695073459712,2.1399851350545775,-8.19558990281731,98.75772114102587,0.03529835586340398,3.828716766960838,42.582342744734156,1.05607330931789,0.04257400333881378,-0.2916066646575928,0.04257400333881378,-0.2916066646575928,0.04257400333881378,0.0,-26.24459981918335,0,0
8.500000000000728,98.95326851667058,2.044652945257662,-8.431714341007472,99.34831378754176,0.06490171245488945,3.8116492979665395,42.58415862235257,1.0568563025425621,0.042529717087745667,-0.2501943111419678,0.042529717087745667,-0.2501943111419678,0.042529717087745667,0.0,-22.5174880027771,0,0
8.5500000000007,99.53687367681356,1.9482812422824078,-8.639282274908364,99.93898331683081,0.09479336790414383,3.6587891210162127,42.58623450636671,1.0579382385247083,0.04247524216771126,-0.20621421933174133,0.04247524216771126,-0.20621421933174133,0.04247524216771126,0.0,-18.55927973985672,0,0
8.600000000000673,100.12038970522293,1.8512581753083668,-8.816189479948457,100.52966855683212,0.12466890960947163,3.5365669072386083,42.588481854592295,1.0586722697843558,0.04241296648979187,-0.16005346179008484,0.04241296648979187,-0.16005346179008484,0.04241296648979187,0.0,-14.404811561107635,0,0
8.650000000000645,100.70388472083575,1.7539765060610717,-8.960632697256278,101.12059534396565,0.1541040566282159,3.3374386986666025,42.590805080515615,1.0596193726334409,0.042345546185970306,-0.11218384653329849,0.042345546185970306,-0.11218384653329849,0.042345546185970306,0.0,-10.096546187996864,0,0
8.700000000000617,101.28742696146675,1.6568326697170994,-9.071181539040252,101.71173402323059,0.1828988668410187,3.117451662892222,42.5931055506852,1.0602541502152774,0.042275846004486084,-0.06307345628738403,0.042275846004486084,-0.06307345628738403,0.042275846004486084,0.0,-5.676611065864563,0,0
8.75000000000059,101.87108343130193,1.5602243033342609,-9.146733689264227,102.30350711648946,0.21061310932896884,2.82275268380306,42.59528419356382,1.0614096434736209,0.04220683500170708,-0.013274159282445908,0.04220683500170708,-0.013274159282445908,0.04220683500170708,0.0,-1.1946743354201317,0,0
8.800000000000562,102.45491855192398,1.4645469101261717,-9.18652324699145,102.8956243237515,0.23699089446734867,2.508529657632124,42.59724466511502,1.0617647163549535,0.04214147478342056,0.03662021458148956,0.04214147478342056,0.03662021458148956,0.04214147478342056,0.0,3.2958193123340607,0,0
8.850000000000534,103.03899188525357,1.3701850943714886,-9.190131619948847,103.48765479967814,0.2617614322331398,2.2849813867769058,42.59889976439682,1.0610290715113522,0.042082659900188446,0.08601544797420502,0.042082659900188446,0.08601544797420502,0.042082659900188446,0.0,7.7413903176784515,0,0
8.900000000000507,103.62335565615773,1.2775017122724275,-9.157607952095521,104.0810134191254,0.2844975205280293,1.876601051155376,42.60017981824921,1.0626806193691505,0.04203300550580025,0.13415966928005219,0.04203300550580025,0.13415966928005219,0.04203300550580025,0.0,12.074370235204697,0,0
8.950000000000479,104.2080539440129,1.1868343977314249,-9.089525165706661,104.67458313885244,0.3049543271527238,1.5024526634063022,42.60103393171618,1.0620979029895707,0.0419946052134037,0.18042828142642975,0.0419946052134037,0.18042828142642975,0.0419946052134037,0.0,16.238545328378677,0,0
9.000000000000451,104.79312293923988,1.0984967717434473,-8.986910558379169,105.26905825552423,0.32276260789098526,1.0504835360475226,42.601433386517776,1.062636336997534,0.04196898266673088,0.22396065294742584,0.04196898266673088,0.22396065294742584,0.04196898266673088,0.0,20.156458765268326,0,0
9.050000000000423,105.37858992850504,1.0127703825876178,-8.851257815094971,105.86378286367253,0.33771797676380017,0.6296458028550944,42.60137891516756,1.0618971518148723,0.04195699840784073,0.2640534043312073,0.04195699840784073,0.2640534043312073,0.04195699840784073,0.0,23.764806389808655,0,0
9.100000000000396,105.96447251964248,0.9298965075683809,-8.684557162970057,106.4594833638837,0.34941728509150105,0.12617582301538732,42.60090097056533,1.0624635010659325,0.041958633810281754,0.29986056685447693,0.041958633810281754,0.29986056685447693,0.041958633810281754,0.0,26.987451016902924,0,0
9.150000000000368,106.55077801586161,0.8500663635523008,-8.489353732183117,107.05455880079134,0.3575895695613988,-0.238966503277112,42.600059051580345,1.0602045527501116,0.04197297245264053,0.3309742212295532,0.04197297245264053,0.3309742212295532,0.04197297245264053,0.0,29.78767991065979,0,0
9.20000000000034,107.13750489392332,0.7734232875964512,-8.268639333083826,107.65085167711813,0.36193437813674956,-0.7490690078939224,42.59892869607269,1.0613651704806242,0.041998229920864105,0.357442170381546,0.041998229920864105,0.357442170381546,0.041998229920864105,0.0,32.16979533433914,0,0
9.250000000000313,107.72464550728304,0.7000756440622045,-8.025643152845342,108.24684551360957,0.3623336274882395,-1.1828697402149828,42.59757823572952,1.059941834904164,0.042032137513160706,0.3795722424983978,0.042032137513160706,0.3795722424983978,0.042032137513160706,0.0,34.161501824855804,0,0
9.300000000000285,108.3121876939369,0.630104421285493,-7.763577725639198,108.84319422282736,0.35846232694993635,-1.6561664977782016,42.59607655181918,1.0598544992917678,0.04207265377044678,0.39754989743232727,0.04207265377044678,0.39754989743232727,0.04207265377044678,0.0,35.779490768909454,0,0
9.350000000000257,108.90011553776874,0.5635640738459559,-7.485560513194609,109.43971941091061,0.35026336603476044,-2.1723358747799466,42.59448982621043,1.0596006044347026,0.04211770370602608,0.41167891025543213,0.04211770370602608,0.41167891025543213,0.04211770370602608,0.0,37.05110192298889,0,0
9.40000000000023,109.48841018228778,0.5004840067878823,-7.194545425280285,110.03565845004965,0.33777765677870436,-2.6206241653791835,42.59287867323033,1.0581719843775201,0.042165305465459824,0.4222314655780792,0.042165305465459824,0.4222314655780792,0.042165305465459824,0.0,38.00083190202713,0,0
9.450000000000202,110.07705055575119,0.44087058698701137,-6.893296190643832,110.63171858066669,0.3210574204482878,-3.1172512057486017,42.591297689711574,1.0581519946484501,0.04221364110708237,0.42946404218673706,0.04221364110708237,0.42946404218673706,0.04221364110708237,0.0,38.651763796806335,0,0
9.500000000000174,110.66601410805963,0.3847094184455468,-6.584384270540065,111.22667473493595,0.30023675374562203,-3.493414266999821,42.58979466814255,1.0561464799207831,0.042261067777872086,0.433674693107605,0.042261067777872086,0.433674693107605,0.042261067777872086,0.0,39.03072237968445,0,0
9.550000000000146,111.25527748142467,0.33196777047880877,-6.270190673860788,111.82125004342303,0.2757463236015753,-3.865181415155263,42.58840925331373,1.0555723154830596,0.04230615869164467,0.4351017475128174,0.04230615869164467,0.4351017475128174,0.04230615869164467,0.0,39.159157276153564,0,0
9.600000000000119,111.84481704772404,0.2825964331368793,-5.952910210806656,112.41507400663471,0.24786669027166996,-4.177309684249536,42.58717284344297,1.0544759875657277,0.04234772175550461,0.43402665853500366,0.04234772175550461,0.43402665853500366,0.04234772175550461,0.0,39.06239926815033,0,0
9.650000000000091,112.43460939460684,0.23653195390938453,-5.634543139650191,113.00817691977669,0.2173108394377212,-4.431508595161148,42.586108492947254,1.0535501009495065,0.04238481447100639,0.43069443106651306,0.04238481447100639,0.43069443106651306,0.04238481447100639,0.0,38.762498795986176,0,0
9.700000000000063,113.02463176038144,0.19369876696490812,-5.316926969398009,113.60045435130193,0.1846033815231297,-4.572123791082902,42.585235317756265,1.0525778106122707,0.04241674393415451,0.42534759640693665,0.04241674393415451,0.42534759640693665,0.04241674393415451,0.0,38.2812836766243,0,0
9.750000000000036,113.61486231116281,0.15401062217808872,-5.001750905666424,114.19225754495812,0.15079708172202327,-4.657980353794983,42.58456544106547,1.052299327415191,0.042442940175533295,0.4182167053222656,0.042442940175533295,0.4182167053222656,0.042442940175533295,0.0,37.639503479003906,0,0
9.800000000000008,114.20528030146588,0.11737327516324189,-4.6905322858260075,114.78334673472861,0.11678360219920281,-4.575940879588217,42.58410215617825,1.0517308710815743,0.0424630381166935,0.40952765941619873,0.0424630381166935,0.40952765941619873,0.0424630381166935,0.0,36.857489347457886,0,0
9.84999999999998,114.79586606078102,0.0836844436765561,-4.384618025586647,115.37416606078102,0.0836844436765561,-4.384618025586633,42.583848722528934,1.0520256243382329,0.04247693717479706,0.3994862735271454,0.04247693717479706,0.3994862735271454,0.04247693717479706,0.0,35.953764617443085,0,0
9.899999999999952,115.38660110095161,0.052833488336381726,-4.085192856907879,115.96490110095161,0.052833488336381726,-4.085192856907867,42.58380291758595,1.052694550272853,0.04248453676700592,0.38829052448272705,0.04248453676700592,0.38829052448272705,0.04248453676700592,0.0,34.946147203445435,0,0
9.949999999999925,115.97746843275459,0.024705749594097087,-3.7932685293557094,116.55576843275459,0.024705749594097087,-3.7932685293557142,42.583956643308575,1.0536906237433323,0.04248591139912605,0.3761225938796997,0.04248591139912605,0.3761225938796997,0.04248591139912605,0.0,33.851033449172974,0,0
9.999999999999897,116.56845265314152,-0.0008153017076385011,-3.5096959288760075,117.14675265314152,-0.0008153017076385011,-3.509695928875999,42.58430081984086,1.0546018384645466,0.04248129948973656,0.3631485402584076,0.04248129948973656,0.3631485402584076,0.04248129948973656,0.0,32.68336862325668,0,0
10.04999999999987,117.1595398590188,-0.023847948723166645,-3.2351791908820773,117.7378398590188,-0.023847948723166645,-3.2351791908820644,42.58482524206342,1.0554358164390902,0.04247097671031952,0.34951820969581604,0.04247097671031952,0.34951820969581604,0.04247097671031952,0.0,31.456638872623444,0,0
10.099999999999842,117.75071757248284,-0.044512135884747436,-2.9702968171480864,118.32901757248284,-0.044512135884747436,-2.970296817148096,42.58551867699602,1.056199436870102,0.042455241084098816,0.33536821603775024,0.042455241084098816,0.33536821603775024,0.042455241084098816,0.0,30.183139443397522,0,0
10.149999999999814,118.34197467229842,-0.0629290434936039,-2.715522235027805,118.92027467229842,-0.0629290434936039,-2.715522235027805,42.58636893642519,1.0568988940149913,0.042434439063072205,0.32082390785217285,0.042434439063072205,0.32082390785217285,0.042434439063072205,0.0,28.874151706695557,0,0
10.199999999999786,118.93330136419294,-0.07921995250969889,-2.471230521275086,119.51160136419294,-0.07921995250969889,-2.471230521275089,42.58736364306653,1.0575398275790746,0.042408932000398636,0.30600109696388245,0.042408932000398636,0.30600109696388245,0.042408932000398636,0.0,27.54009872674942,0,0
10.249999999999758,119.52468910083623,-0.0935053067517238,-2.2377013784509283,120.10298910083623,-0.0935053067517238,-2.237701378450936,42.58848947882483,1.058127337869637,0.042379092425107956,0.29100605845451355,0.042379092425107956,0.29100605845451355,0.042379092425107956,0.0,26.19054526090622,0,0
10.29999999999973,120.11613048138707,-0.10590413412790106,-2.015123915244509,120.69443048138707,-0.10590413412790106,-2.0151239152445157,42.58973295411952,1.0586660450581011,0.0423453152179718,0.27593520283699036,0.0423453152179718,0.27593520283699036,0.0423453152179718,0.0,24.834168255329132,0,0
10.349999999999703,120.70761914420454,-0.11653388660817583,-1.8036065546957165,121.28591914420454,-0.11653388660817583,-1.8036065546957047,42.591081077092,1.0591601366983747,0.042308010160923004,0.26087528467178345,0.042308010160923004,0.26087528467178345,0.042308010160923004,0.0,23.47877562046051,0,0
10.399999999999675,121.2991496594048,-0.12551084142490482,-1.6031976429887376,121.8774496594048,-0.12551084142490482,-1.6031976429887322,42.59252066158808,1.0596133924606257,0.0422675684094429,0.24590423703193665,0.0422675684094429,0.24590423703193665,0.0422675684094429,0.0,22.131381332874298,0,0
10.449999999999648,121.89071745505503,-0.13294863419242664,-1.4138838908905522,122.46901745505502,-0.13294863419242664,-1.4138838908905598,42.59403795640339,1.0600292580461177,0.04222438111901283,0.23109331727027893,0.04222438111901283,0.23109331727027893,0.04222438111901283,0.0,20.798398554325104,0,0
10.49999999999962,122.48231869216931,-0.13895777756437858,-1.2355787023119256,123.06061869216931,-0.13895777756437858,-1.2355787023119262,42.595620394360566,1.0604108188032084,0.042178861796855927,0.21650627255439758,0.042178861796855927,0.21650627255439758,0.042178861796855927,0.0,19.485564529895782,0,0
10.549999999999592,123.07395014098596,-0.14364642941206657,-1.068144204300819,123.65225014098596,-0.14364642941206657,-1.0681442043008076,42.59725587853216,1.0607608528052748,0.04213138669729233,0.20219776034355164,0.04213138669729233,0.20219776034355164,0.04213138669729233,0.0,18.197798430919647,0,0
10.599999999999564,123.6656091538075,-0.14711885676396746,-0.9114059901598794,124.2439091538075,-0.14711885676396746,-0.9114059901598921,42.598932202015334,1.0610819914893341,0.042082324624061584,0.18821600079536438,0.042082324624061584,0.18821600079536438,0.042082324624061584,0.0,16.939440071582794,0,0
10.649999999999537,124.25729361174538,-0.14947503166162357,-0.7651484311416311,124.83559361174538,-0.14947503166162357,-0.7651484311416255,42.600638116535336,1.0613766861769078,0.04203203320503235,0.17460334300994873,0.04203203320503235,0.17460334300994873,0.04203203320503235,0.0,15.714300870895386,0,0
10.699999999999509,124.84900183187884,-0.1508110440154525,-0.6291196292674328,125.42730183187884,-0.1508110440154525,-0.6291196292674215,42.60236325570477,1.0616471600354962,0.04198085516691208,0.1613956242799759,0.04198085516691208,0.1613956242799759,0.04198085516691208,0.0,14.52560618519783,0,0
10.749999999999481,125.44073248792085,-0.15121908398068423,-0.5030349708178429,126.01903248792085,-0.15121908398068423,-0.5030349708178505,42.6040981559766,1.061895436061188,0.041929103434085846,0.1486227810382843,0.041929103434085846,0.1486227810382843,0.041929103434085846,0.0,13.376050293445587,0,0
10.799999999999454,126.03248455944406,-0.15078745227151635,-0.3865704330525771,126.61078455944406,-0.15078745227151635,-0.386570433052583,42.60583424798215,1.062123390098337,0.041877053678035736,0.13630931079387665,0.041877053678035736,0.13630931079387665,0.041877053678035736,0.0,12.267837971448898,0,0
10.849999999999426,126.62425727615121,-0.1496000765398665,-0.2793843923959194,127.20255727615121,-0.1496000765398665,-0.2793843923959116,42.60756375276305,1.0623327570500265,0.04182497411966324,0.12447350472211838,0.04182497411966324,0.12447350472211838,0.04182497411966324,0.0,11.202615424990654,0,0
10.899999999999398,127.21605004569992,-0.14773646499215032,-0.18113086196304262,127.79435004569991,-0.14773646499215032,-0.18113086196305517,42.609279840130746,1.0625250848522094,0.04177308827638626,0.11312940716743469,0.04177308827638626,0.11312940716743469,0.04177308827638626,0.0,10.181646645069122,0,0
10.94999999999937,127.80786241450957,-0.14527198468670463,-0.09145796897833132,128.38616241450956,-0.14527198468670463,-0.09145796897831815,42.610976552040576,1.062701783939623,0.04172160476446152,0.10228808224201202,0.04172160476446152,0.10228808224201202,0.04172160476446152,0.0,9.205927401781082,0,0
10.999999999999343,128.39969404599387,-0.1422779498071317,-0.010006875590500718,128.97799404599385,-0.1422779498071317,-0.010006875590505615,42.61264869936376,1.0628641656630515,0.041670702397823334,0.09195762127637863,0.041670702397823334,0.09195762127637863,0.041670702397823334,0.0,8.276185914874077,0,0
11.049999999999315,128.99154469337353,-0.1388215962954994,0.06358786575159331,129.56984469337354,-0.1388215962954994,0.06358786575160025,42.614291813201525,1.0630134403827884,0.041620537638664246,0.08214309811592102,0.041620537638664246,0.08214309811592102,0.041620537638664246,0.0,7.392878830432892,0,0
11.099999999999287,129.58341417088013,-0.13496607381891285,0.1296970824173105,130.16171417088015,-0.13496607381891285,0.12969708241732292,42.61590211365336,1.0631507190004832,0.041571244597435,0.07284657657146454,0.041571244597435,0.07284657657146454,0.041571244597435,0.0,6.5561918914318085,0,0
11.14999999999926,130.17530232923184,-0.13077049295068705,0.18869524468553892,130.75360232923185,-0.13077049295068705,0.18869524468553323,42.617476468403986,1.0632770218052274,0.04152293503284454,0.06406724452972412,0.04152293503284454,0.06406724452972412,0.04152293503284454,0.0,5.766052007675171,0,0
11.199999999999232,130.76720903638895,-0.12629000742200205,0.24095849038607972,131.34550903638893,-0.12629000742200205,0.24095849038607753,42.61901234023782,1.0633932874648995,0.04147570580244064,0.05580160766839981,0.04147570580244064,0.05580160766839981,0.04147570580244064,0.0,5.022144690155983,0,0
11.249999999999204,131.35913416238745,-0.12157590524327916,0.28686270533592984,131.93743416238743,-0.12157590524327916,0.2868627053359205,42.62050772488302,1.0635003793693658,0.041429631412029266,0.048043739050626755,0.041429631412029266,0.048043739050626755,0.041429631412029266,0.0,4.323936514556408,0,0
11.299999999999176,131.95107756729794,-0.11667571989762983,0.32678155786622387,132.52937756729796,-0.11667571989762983,0.3267815578662123,42.62196107846901,1.0635990902961976,0.04138476774096489,0.04078551381826401,0.04138476774096489,0.04078551381826401,0.04138476774096489,0.0,3.6706962436437607,0,0
11.349999999999149,132.54303909290743,-0.11163335905975708,0.3610845212332376,133.12133909290745,-0.11163335905975708,0.36108452123323787,42.62337135461566,1.0636901481973546,0.04134116694331169,0.03401688486337662,0.04134116694331169,0.03401688486337662,0.04134116694331169,0.0,3.0615196377038956,0,0
11.399999999999121,133.13501855624213,-0.1064892508622255,0.3901349275109169,133.71331855624214,-0.1064892508622255,0.39013492751092826,42.624737850778025,1.063774219396565,0.04129885882139206,0.02772613801062107,0.04129885882139206,0.02772613801062107,0.04129885882139206,0.0,2.4953524209558964,0,0
11.449999999999093,133.727015745132,-0.10128048470515619,0.4142881841145502,134.30531574513202,-0.10128048470515619,0.4142881841145538,42.626060192143626,1.0638519124760533,0.041257865726947784,0.02190019004046917,0.041257865726947784,0.02190019004046917,0.041257865726947784,0.0,1.9710171036422253,0,0
11.499999999999066,134.3190304169898,-0.09604093602324765,0.4338901939067886,134.89733041698977,-0.09604093602324765,0.43389019390679096,42.62733836444886,1.0639237850550143,0.041218195110559464,0.01652483083307743,0.041218195110559464,0.01652483083307743,0.041218195110559464,0.0,1.4872347749769688,0,0
11.549999999999038,134.91106229856732,-0.09080139336011937,0.44927657535231,135.4893622985673,-0.09080139336011937,0.44927657535231447,42.62857259882983,1.0639903470248147,0.041179850697517395,0.011584959924221039,0.041179850697517395,0.011584959924221039,0.041179850697517395,0.0,1.0426463931798935,0,0
11.59999999999901,135.50311108542928,-0.08558968344595339,0.46077253468241414,136.0814110854293,-0.08558968344595339,0.4607725346824054,42.62976332851929,1.0640520618241882,0.041142821311950684,0.0070647369138896465,0.041142821311950684,0.0070647369138896465,0.041142821311950684,0.0,0.6358263222500682,0,0
11.649999999998983,136.09517644263212,-0.08043080512712261,0.4686925188081867,136.67347644263214,-0.08043080512712261,0.46869251880818297,42.63091116501711,1.064109350385128,0.04110709950327873,0.002947665983811021,0.04110709950327873,0.002947665983811021,0.04110709950327873,0.0,0.2652899385429919,0,0
11.699999999998955,136.6872580067539,-0.07534707211336315,0.4733396118333792,137.2655580067539,-0.07534707211336315,0.47333961183338147,42.632016867769956,1.0641625955430916,0.04107266664505005,-0.0007832919363863766,0.04107266664505005,-0.0007832919363863766,0.04107266664505005,0.0,-0.0704962742747739,0,0
11.749999999998927,137.2793553886486,-0.07035825500861512,0.47500495126081116,137.8576553886486,-0.07035825500861512,0.4750049512608143,42.63308131803868,1.064212145351984,0.041039492934942245,-0.0041455780155956745,0.041039492934942245,-0.0041455780155956745,0.041039492934942245,0.0,-0.3731020214036107,0,0
11.7999999999989,137.87146817653112,-0.06548172131134307,0.4739672866284006,138.4497681765311,-0.06548172131134307,0.47396728662840815,42.634105494962895,1.064258315720485,0.04100755974650383,-0.007156895939260721,0.04100755974650383,-0.007156895939260721,0.04100755974650383,0.0,-0.6441206345334649,0,0
11.849999999998872,138.46359593924208,-0.060732573731924866,0.4704926989415315,139.0418959392421,-0.060732573731924866,0.4704926989415412,42.63509045459739,1.0643013930751848,0.040976833552122116,-0.009835087694227695,0.040976833552122116,-0.009835087694227695,0.040976833552122116,0.0,-0.8851578924804926,0,0
11.899999999998844,139.05573822964243,-0.056123786497844275,0.4648344567637997,139.63403822964244,-0.056123786497844275,0.4648344567638105,42.636037311226275,1.0643416368096412,0.040947284549474716,-0.012198025360703468,0.040947284549474716,-0.012198025360703468,0.040947284549474716,0.0,-1.0978222824633121,0,0
11.949999999998816,139.64789458804682,-0.05166633991419339,0.4572329648865547,140.22619458804684,-0.05166633991419339,0.4572329648865434,42.636947220318994,1.064379281687237,0.040918879210948944,-0.014263521879911423,0.040918879210948944,-0.014263521879911423,0.040918879210948944,0.0,-1.283716969192028,0,0
11.999999999998789,140.24006454561152,-0.04736935285433592,0.44791577687541606,140.81836454561153,-0.04736935285433592,0.44791577687541917,42.63782136347978,1.0644145400478722,0.040891584008932114,-0.01604924537241459,0.040891584008932114,-0.01604924537241459,0.040891584008932114,0.0,-1.444432083517313,0,0
12.04999999999876,140.83224762760807,-0.043240212616068516,0.43709765899199426,141.41054762760805,-0.043240212616068516,0.4370976589920019,42.638660935989904,1.0644476038980055,0.04086535796523094,-0.017572645097970963,0.04086535796523094,-0.017572645097970963,0.04086535796523094,0.0,-1.5815380588173866,0,0
12.099999999998733,141.42444335652914,-0.039284701767206574,0.424980699982457,142.00274335652912,-0.039284701767206574,0.4249806999824557,42.639467135241894,1.0644786467361453,0.04084017127752304,-0.018850890919566154,0.04084017127752304,-0.018850890919566154,0.04084017127752304,0.0,-1.696580182760954,0,0
12.149999999998705,142.01665125496805,-0.03550712166313981,0.41175446380724584,142.59495125496807,-0.03550712166313981,0.4117544638072559,42.64024115101128,1.0645078253984805,0.040815986692905426,-0.01990080066025257,0.040815986692905426,-0.01990080066025257,0.040815986692905426,0.0,-1.7910720594227314,0,0
12.199999999998678,142.60887084825512,-0.03191041216424789,0.3975961854461435,143.18717084825514,-0.03191041216424789,0.3975961854461332,42.64098415796347,1.06453528164608,0.04079276695847511,-0.020738791674375534,0.04079276695847511,-0.020738791674375534,0.04079276695847511,0.0,-1.866491250693798,0,0
12.24999999999865,143.2011016668345,-0.028496267252062783,0.38267100790173963,143.7794016668345,-0.028496267252062783,0.3826710079017346,42.641697309651036,1.0645611436848887,0.04077047482132912,-0.021380828693509102,0.04077047482132912,-0.021380828693509102,0.04077047482132912,0.0,-1.9242745824158192,0,0
12.299999999998622,143.79334324836492,-0.025265246269528793,0.36713225809030203,144.3716432483649,-0.025265246269528793,0.3671322580902938,42.642381733099796,1.0645855274941531,0.04074908047914505,-0.021842388436198235,0.04074908047914505,-0.021842388436198235,0.04074908047914505,0.0,-1.965814959257841,0,0
12.349999999998595,144.3855951395374,-0.02221688052117361,0.35112175894138264,144.96389513953739,-0.02221688052117361,0.35112175894138886,42.643038525204304,1.0646085381599621,0.04072854667901993,-0.022138413041830063,0.04072854667901993,-0.022138413041830063,0.04072854667901993,0.0,-1.9924571737647057,0,0
12.399999999998567,144.97785689762495,-0.019349774955241525,0.33477017594966496,145.55615689762496,-0.019349774955241525,0.3347701759496715,42.64366875005774,1.0646302709466013,0.04070884361863136,-0.022283289581537247,0.04070884361863136,-0.022283289581537247,0.04070884361863136,0.0,-2.005496062338352,0,0
12.44999999999854,145.570128091768,-0.01666170498939175,0.3181973918044391,146.148428091768,-0.01666170498939175,0.3181973918044321,42.64427343729419,1.0646508123889555,0.04068993777036667,-0.022290822118520737,0.04068993777036667,-0.022290822118520737,0.04068993777036667,0.0,-2.0061739906668663,0,0
12.499999999998511,146.16240830401716,-0.014149708397750482,0.301512904389499,146.74070830401718,-0.014149708397750482,0.3015129043895115,42.64485358154212,1.0646702412321356,0.04067179560661316,-0.022174211218953133,0.04067179560661316,-0.022174211218953133,0.04067179560661316,0.0,-1.995679009705782,0,0
12.549999999998484,146.75469713108566,-0.011810173884427842,0.28481624477510237,147.33299713108565,-0.011810173884427842,0.2848162447751008,42.64541013547867,1.0646886309304373,0.040654391050338745,-0.021946048364043236,0.040654391050338745,-0.021946048364043236,0.040654391050338745,0.0,-1.9751443527638912,0,0
12.599999999998456,147.34699419001828,-0.009638938559008402,0.26819741479726517,147.92529419001826,-0.009638938559008402,0.268197414797271,42.64594400950452,1.0647060578923897,0.04063769429922104,-0.021618301048874855,0.04063769429922104,-0.021618301048874855,0.04063769429922104,0.0,-1.945647094398737,0,0
12.649999999998428,147.93929911575296,-0.007631378777643049,0.25173734685349725,148.51759911575294,-0.007631378777643049,0.2517373468535027,42.646456086681326,1.064722587879026,0.04062167927622795,-0.02120230533182621,0.04062167927622795,-0.02120230533182621,0.04062167927622795,0.0,-1.908207479864359,0,0
12.6999999999984,148.53161155058893,-0.005782452845885477,0.23550840239010506,149.10991155058895,-0.005782452845885477,0.23550840239010995,42.64694723992774,1.0647382624153325,0.040606316179037094,-0.020708752796053886,0.040606316179037094,-0.020708752796053886,0.040606316179037094,0.0,-1.8637877516448498,0,0
12.749999999998373,149.1239311442754,-0.004086729164091446,0.21957490542769484,149.7022311442754,-0.004086729164091446,0.21957490542769165,42.64741831078318,1.064753118633434,0.04059158265590668,-0.02014772593975067,0.04059158265590668,-0.02014772593975067,0.04059158265590668,0.0,-1.8132953345775604,0,0
12.799999999998345,149.71625756022888,-0.0025384444509744613,0.20399371497114854,150.2945575602289,-0.0025384444509744613,0.2039937149711477,42.64787009758353,1.0647672010371998,0.04057744890451431,-0.019528722390532494,0.04057744890451431,-0.019528722390532494,0.04057744890451431,0.0,-1.7575850151479244,0,0
12.849999999998317,150.30859047803577,-0.0011315766464528858,0.18881472240145777,150.88689047803575,-0.0011315766464528858,0.18881472240144603,42.648303354979525,1.0647805553033969,0.04056389629840851,-0.018860694020986557,0.04056389629840851,-0.018860694020986557,0.04056389629840851,0.0,-1.6974624618887901,0,0
12.89999999999829,150.90092959305875,0.00014018978077785107,0.17408255429956238,151.47922959305873,0.00014018978077785107,0.17408255429955943,42.6487188173528,1.0647932579963049,0.040550898760557175,-0.01813148893415928,0.040550898760557175,-0.01813148893415928,0.040550898760557175,0.0,-1.631834004074335,0,0
12.949999999998262,151.49327461582905,0.0012832781870030984,0.1598358653276371,152.07157461582906,0.0012832781870030984,0.15983586532763638,42.649117128776886,1.0648052351366264,0.04053843393921852,-0.017418725416064262,0.04053843393921852,-0.017418725416064262,0.04053843393921852,0.0,-1.5676852874457836,0,0
12.999999999998234,152.0856252730329,0.0023031293588474124,0.14609220243709778,152.6639252730329,0.0023031293588474124,0.14609220243710297,42.64949886624849,1.0648164602846757,0.040526486933231354,-0.016773000359535217,0.040526486933231354,-0.016773000359535217,0.040526486933231354,0.0,-1.5095700323581696,0,0
13.049999999998207,152.67798130658724,0.0032037802260507903,0.1328395360975052,153.25628130658725,0.0032037802260507903,0.13283953609749233,42.64986460204926,1.0648269780495079,0.04051503539085388,-0.016204185783863068,0.04051503539085388,-0.016204185783863068,0.04051503539085388,0.0,-1.458376720547676,0,0
13.099999999998179,153.2703424713343,0.003988187081798009,0.12004110125152549,153.84864247133427,0.003988187081798009,0.12004110125153034,42.650214910312854,1.064836834569244,0.04050406068563461,-0.01572073996067047,0.04050406068563461,-0.01572073996067047,0.04050406068563461,0.0,-1.4148665964603424,0,0
13.149999999998151,153.86270853328082,0.004658444413303347,0.10764385644041215,154.4410085332808,0.004658444413303347,0.1076438564404043,42.650550353027825,1.0648460694397266,0.04049355164170265,-0.01533114816993475,0.04049355164170265,-0.01533114816993475,0.04049355164170265,0.0,-1.3798033352941275,0,0
13.199999999998123,154.45507926842123,0.005215765766195572,0.09558483211394729,155.03337926842124,0.005215765766195572,0.09558483211395696,42.65087147087944,1.0648547127234989,0.040483489632606506,-0.015046159736812115,0.040483489632606506,-0.015046159736812115,0.040483489632606506,0.0,-1.3541543763130903,0,0
13.249999999998096,155.04745446175045,0.005660342465243249,0.0837936097006621,155.62575446175046,0.005660342465243249,0.08379360970064909,42.65117877774654,1.064862780583374,0.040473856031894684,-0.014881480485200882,0.040473856031894684,-0.014881480485200882,0.040473856031894684,0.0,-1.3393332436680794,0,0
13.299999999998068,155.6398339062403,0.005991116304009668,0.0721910542357463,156.21813390624033,0.005991116304009668,0.07219105423575911,42.65147275359506,1.064870268529842,0.04046463593840599,-0.014861410483717918,0.04046463593840599,-0.014861410483717918,0.04046463593840599,0.0,-1.3375269435346127,0,0
13.34999999999804,156.23221740159536,0.006205419484942904,0.06068471094604835,156.81051740159538,0.006205419484942904,0.06068471094604888,42.65175383182416,1.0648771388684628,0.04045581817626953,-0.015024763531982899,0.04045581817626953,-0.015024763531982899,0.04045581817626953,0.0,-1.3522287178784609,0,0
13.399999999998013,156.82460475247217,0.006298378076878736,0.04916040426077369,157.40290475247215,0.006298378076878736,0.049160404260760515,42.652022376872395,1.0648832940698663,0.040447384119033813,-0.015435956418514252,0.040447384119033813,-0.015435956418514252,0.040447384119033813,0.0,-1.3892360776662827,0,0
13.449999999997985,157.41699576432885,0.0062618671586365535,0.03746767762391249,157.99529576432883,0.0062618671586365535,0.03746767762390846,42.65227863633938,1.0648885113074553,0.04043933004140854,-0.016208216547966003,0.04043933004140854,-0.016208216547966003,0.04043933004140854,0.0,-1.4587394893169403,0,0
13.499999999997957,158.00939023787413,0.006082540226988484,0.025392639177149658,158.58769023787414,0.006082540226988484,0.02539263917714152,42.65252261511816,1.064892272930178,0.04043164104223251,-0.017558282241225243,0.04043164104223251,-0.017558282241225243,0.04043164104223251,0.0,-1.5802454017102718,0,0
13.54999999999793,158.60178796130327,0.0057377474063738665,0.01260061396978977,159.1800879613033,0.0057377474063738665,0.01260061396979495,42.652753711627874,1.064893204161567,0.040424320846796036,-0.019957439973950386,0.040424320846796036,-0.019957439973950386,0.040424320846796036,0.0,-1.7961695976555347,0,0
13.599999999997902,159.19418868107502,0.005185295185166981,-0.0015089771204831303,159.77248868107503,0.005185295185166981,-0.0015089771204941371,42.65296932676101,51.0648864824338,0.0404173880815506,-0.02466178499162197,0.0404173880815506,-0.02466178499162197,0.0404173880815506,0.0,-2.2195606492459774,1,0
