x_m,y_m,station_m,path_yaw_deg,curvature_1_per_m
0.0,0.0,0.0,0.0,0.0
0.1,0.0,0.1,0.0,0.0
0.2,0.0,0.2,0.0,0.0
0.30000000000000004,0.0,0.30000000000000004,0.0,0.0
0.4,0.0,0.4,0.0,0.0
0.5,0.0,0.5,0.0,0.0
0.6000000000000001,0.0,0.6000000000000001,0.0,0.0
0.7000000000000001,0.0,0.7000000000000001,0.0,0.0
0.8,0.0,0.8,0.0,0.0
0.9,0.0,0.9,0.0,0.0
1.0,0.0,1.0,0.0,0.0
1.1,0.0,1.1,0.0,0.0
1.2000000000000002,0.0,1.2000000000000002,0.0,0.0
1.3,0.0,1.3,0.0,0.0
1.4000000000000001,0.0,1.4000000000000001,0.0,0.0
1.5,0.0,1.5,0.0,0.0
1.6,0.0,1.6,0.0,0.0
1.7000000000000002,0.0,1.7000000000000002,0.0,0.0
1.8,0.0,1.8,0.0,0.0
1.9000000000000001,0.0,1.9000000000000001,0.0,0.0
2.0,0.0,2.0,0.0,0.0
2.1,0.0,2.1,0.0,0.0
2.2,0.0,2.2,0.0,0.0
2.3000000000000003,0.0,2.3000000000000003,0.0,0.0
2.4000000000000004,0.0,2.4000000000000004,0.0,0.0
2.5,0.0,2.5,0.0,0.0
2.6,0.0,2.6,0.0,0.0
2.7,0.0,2.7,0.0,0.0
2.8000000000000003,0.0,2.8000000000000003,0.0,0.0
2.9000000000000004,0.0,2.9000000000000004,0.0,0.0
3.0,0.0,3.0,0.0,0.0
3.1,0.0,3.1,0.0,0.0
3.2,0.0,3.2,0.0,0.0
3.3000000000000003,0.0,3.3000000000000003,0.0,0.0
3.4000000000000004,0.0,3.4000000000000004,0.0,0.0
3.5,0.0,3.5,0.0,0.0
3.6,0.0,3.6,0.0,0.0
3.7,0.0,3.7,0.0,0.0
3.8000000000000003,0.0,3.8000000000000003,0.0,0.0
3.9000000000000004,0.0,3.9000000000000004,0.0,0.0
4.0,0.0,4.0,0.0,0.0
4.1000000000000005,0.0,4.1000000000000005,0.0,0.0
4.2,0.0,4.2,0.0,0.0
4.3,0.0,4.3,0.0,0.0
4.4,0.0,4.4,0.0,0.0
4.5,0.0,4.5,0.0,0.0
4.6000000000000005,0.0,4.6000000000000005,0.0,0.0
4.7,0.0,4.7,0.0,0.0
4.800000000000001,0.0,4.800000000000001,0.0,0.0
4.9,0.0,4.9,0.0,0.0
5.0,0.0,5.0,0.0,0.0
5.1000000000000005,0.0,5.1000000000000005,0.0,0.0
5.2,0.0,5.2,0.0,0.0
5.300000000000001,0.0,5.300000000000001,0.0,0.0
5.4,0.0,5.4,0.0,0.0
5.5,0.0,5.5,0.0,0.0
5.6000000000000005,0.0,5.6000000000000005,0.0,0.0
5.7,0.0,5.7,0.0,0.0
5.800000000000001,0.0,5.800000000000001,0.0,0.0
5.9,0.0,5.9,0.0,0.0
6.0,0.0,6.0,0.0,0.0
6.1000000000000005,0.0,6.1000000000000005,0.0,0.0
6.2,0.0,6.2,0.0,0.0
6.300000000000001,0.0,6.300000000000001,0.0,0.0
6.4,0.0,6.4,0.0,0.0
6.5,0.0,6.5,0.0,0.0
6.6000000000000005,0.0,6.6000000000000005,0.0,0.0
6.7,0.0,6.7,0.0,0.0
6.800000000000001,0.0,6.800000000000001,0.0,0.0
6.9,0.0,6.9,0.0,0.0
7.0,0.0,7.0,0.0,0.0
7.1000000000000005,0.0,7.1000000000000005,0.0,0.0
7.2,0.0,7.2,0.0,0.0
7.300000000000001,0.0,7.300000000000001,0.0,0.0
7.4,0.0,7.4,0.0,0.0
7.5,0.0,7.5,0.0,0.0
7.6000000000000005,0.0,7.6000000000000005,0.0,0.0
7.7,0.0,7.7,0.0,0.0
7.800000000000001,0.0,7.800000000000001,0.0,0.0
7.9,0.0,7.9,0.0,0.0
8.0,0.0,8.0,0.0,0.0
8.1,0.0,8.1,0.0,0.0
8.200000000000001,0.0,8.200000000000001,0.0,0.0
8.3,0.0,8.3,0.0,0.0
8.4,0.0,8.4,0.0,0.0
8.5,0.0,8.5,0.0,0.0
8.6,0.0,8.6,0.0,0.0
8.700000000000001,0.0,8.700000000000001,0.0,0.0
8.8,0.0,8.8,0.0,0.0
8.9,0.0,8.9,0.0,0.0
9.0,0.0,9.0,0.0,0.0
9.1,0.0,9.1,0.0,0.0
9.200000000000001,0.0,9.200000000000001,0.0,0.0
9.3,0.0,9.3,0.0,0.0
9.4,0.0,9.4,0.0,0.0
9.5,0.0,9.5,0.0,0.0
9.600000000000001,0.0,9.600000000000001,0.0,0.0
9.700000000000001,0.0,9.700000000000001,0.0,0.0
9.8,0.0,9.8,0.0,0.0
9.9,0.0,9.9,0.0,0.0
10.0,0.0,10.0,0.0,0.0
10.100000000000001,0.0,10.100000000000001,0.0,0.0
10.200000000000001,0.0,10.200000000000001,0.0,0.0
10.3,0.0,10.3,0.0,0.0
10.4,0.0,10.4,0.0,0.0
10.5,0.0,10.5,0.0,0.0
10.600000000000001,0.0,10.600000000000001,0.0,0.0
10.700000000000001,0.0,10.700000000000001,0.0,0.0
10.8,0.0,10.8,0.0,0.0
10.9,0.0,10.9,0.0,0.0
11.0,0.0,11.0,0.0,0.0
11.100000000000001,0.0,11.100000000000001,0.0,0.0
11.200000000000001,0.0,11.200000000000001,0.0,0.0
11.3,0.0,11.3,0.0,0.0
11.4,0.0,11.4,0.0,0.0
11.5,0.0,11.5,0.0,0.0
11.600000000000001,0.0,11.600000000000001,0.0,0.0
11.700000000000001,0.0,11.700000000000001,0.0,0.0
11.8,0.0,11.8,0.0,0.0
11.9,0.0,11.9,0.0,0.0
12.0,0.0,12.0,0.0,0.0
12.100000000000001,0.0,12.100000000000001,0.0,0.0
12.200000000000001,0.0,12.200000000000001,0.0,0.0
12.3,0.0,12.3,0.0,0.0
12.4,0.0,12.4,0.0,0.0
12.5,0.0,12.5,0.0,0.0
12.600000000000001,0.0,12.600000000000001,0.0,0.0
12.700000000000001,0.0,12.700000000000001,0.0,0.0
12.8,0.0,12.8,0.0,0.0
12.9,0.0,12.9,0.0,0.0
13.0,0.0,13.0,0.0,0.0
13.100000000000001,0.0,13.100000000000001,0.0,0.0
13.200000000000001,0.0,13.200000000000001,0.0,0.0
13.3,0.0,13.3,0.0,0.0
13.4,0.0,13.4,0.0,0.0
13.5,0.0,13.5,0.0,0.0
13.600000000000001,0.0,13.600000000000001,0.0,0.0
13.700000000000001,0.0,13.700000000000001,0.0,0.0
13.8,0.0,13.8,0.0,0.0
13.9,0.0,13.9,0.0,0.0
14.0,0.0,14.0,0.0,0.0
14.100000000000001,0.0,14.100000000000001,0.0,0.0
14.200000000000001,0.0,14.200000000000001,0.0,0.0
14.3,0.0,14.3,0.0,0.0
14.4,0.0,14.4,0.0,0.0
14.5,0.0,14.5,0.0,0.0
14.600000000000001,0.0,14.600000000000001,0.0,0.0
14.700000000000001,0.0,14.700000000000001,0.0,0.0
14.8,0.0,14.8,0.0,0.0
14.9,0.0,14.9,0.0,0.0
15.0,0.0,15.0,0.0,0.0
15.100000000000001,0.0,15.100000000000001,0.0,0.0
15.200000000000001,0.0,15.200000000000001,0.0,0.0
15.3,0.0,15.3,0.0,0.0
15.4,0.0,15.4,0.0,0.0
15.5,0.0,15.5,0.0,0.0
15.600000000000001,0.0,15.600000000000001,0.0,0.0
15.700000000000001,0.0,15.700000000000001,0.0,0.0
15.8,0.0,15.8,0.0,0.0
15.9,0.0,15.9,0.0,0.0
16.0,0.0,16.0,0.0,0.0
16.1,0.0,16.1,0.0,0.0
16.2,0.0,16.2,0.0,0.0
16.3,0.0,16.3,0.0,0.0
16.400000000000002,0.0,16.400000000000002,0.0,0.0
16.5,0.0,16.5,0.0,0.0
16.6,0.0,16.6,0.0,0.0
16.7,0.0,16.7,0.0,0.0
16.8,0.0,16.8,0.0,0.0
16.900000000000002,0.0,16.900000000000002,0.0,0.0
17.0,0.0,17.0,0.0,0.0
17.1,0.0,17.1,0.0,0.0
17.2,0.0,17.2,0.0,0.0
17.3,0.0,17.3,0.0,0.0
17.400000000000002,0.0,17.400000000000002,0.0,0.0
17.5,0.0,17.5,0.0,0.0
17.6,0.0,17.6,0.0,0.0
17.7,0.0,17.7,0.0,0.0
17.8,0.0,17.8,0.0,0.0
17.900000000000002,0.0,17.900000000000002,0.0,0.0
18.0,0.0,18.0,0.0,0.0
18.1,0.0,18.1,0.0,0.0
18.2,0.0,18.2,0.0,0.0
18.3,0.0,18.3,0.0,0.0
18.400000000000002,0.0,18.400000000000002,0.0,0.0
18.5,0.0,18.5,0.0,0.0
18.6,0.0,18.6,0.0,0.0
18.7,0.0,18.7,0.0,0.0
18.8,0.0,18.8,0.0,0.0
18.900000000000002,0.0,18.900000000000002,0.0,0.0
19.0,0.0,19.0,0.0,0.0
19.1,0.0,19.1,0.0,0.0
19.200000000000003,0.0,19.200000000000003,0.0,0.0
19.3,0.0,19.3,0.0,0.0
19.400000000000002,0.0,19.400000000000002,0.0,0.0
19.5,0.0,19.5,0.0,0.0
19.6,0.0,19.6,0.0,0.0
19.700000000000003,0.0,19.700000000000003,0.0,0.0
19.8,0.0,19.8,0.0,0.0
19.900000000000002,0.0,19.900000000000002,0.0,0.0
20.0,0.0,20.0,0.0,0.0
20.1,0.0,20.1,0.0,0.0
20.200000000000003,0.0,20.200000000000003,0.0,0.0
20.3,0.0,20.3,0.0,0.0
20.400000000000002,0.0,20.400000000000002,0.0,0.0
20.5,0.0,20.5,0.0,0.0
20.6,0.0,20.6,0.0,0.0
20.700000000000003,0.0,20.700000000000003,0.0,0.0
20.8,0.0,20.8,0.0,0.0
20.900000000000002,0.0,20.900000000000002,0.0,0.0
21.0,0.0,21.0,0.0,0.0
21.1,0.0,21.1,0.0,0.0
21.200000000000003,0.0,21.200000000000003,0.0,0.0
21.3,0.0,21.3,0.0,0.0
21.400000000000002,0.0,21.400000000000002,0.0,0.0
21.5,0.0,21.5,0.0,0.0
21.6,0.0,21.6,0.0,0.0
21.700000000000003,0.0,21.700000000000003,0.0,0.0
21.8,0.0,21.8,0.0,0.0
21.900000000000002,0.0,21.900000000000002,0.0,0.0
22.0,0.0,22.0,0.0,0.0
22.1,0.0,22.1,0.0,0.0
22.200000000000003,0.0,22.200000000000003,0.0,0.0
22.3,0.0,22.3,0.0,0.0
22.400000000000002,0.0,22.400000000000002,0.0,0.0
22.5,0.0,22.5,0.0,0.0
22.6,0.0,22.6,0.0,0.0
22.700000000000003,0.0,22.700000000000003,0.0,0.0
22.8,0.0,22.8,0.0,0.0
22.900000000000002,0.0,22.900000000000002,0.0,0.0
23.0,0.0,23.0,0.0,0.0
23.1,0.0,23.1,0.0,0.0
23.200000000000003,0.0,23.200000000000003,0.0,0.0
23.3,0.0,23.3,0.0,0.0
23.400000000000002,0.0,23.400000000000002,0.0,0.0
23.5,0.0,23.5,0.0,0.0
23.6,0.0,23.6,0.0,0.0
23.700000000000003,0.0,23.700000000000003,0.0,0.0
23.8,0.0,23.8,0.0,0.0
23.900000000000002,0.0,23.900000000000002,0.0,0.0
24.0,0.0,24.0,0.0,0.0
24.1,0.0,24.1,0.0,0.0
24.200000000000003,0.0,24.200000000000003,0.0,0.0
24.3,0.0,24.3,0.0,0.0
24.400000000000002,0.0,24.400000000000002,0.0,0.0
24.5,0.0,24.5,0.0,0.0
24.6,0.0,24.6,0.0,0.0
24.700000000000003,0.0,24.700000000000003,0.0,0.0
24.8,0.0,24.8,0.0,0.0
24.900000000000002,0.0,24.900000000000002,0.0,0.0
25.0,0.0,25.0,0.0,0.0
25.1,0.0,25.1,0.0,0.0
25.200000000000003,0.0,25.200000000000003,0.0,0.0
25.3,0.0,25.3,0.0,0.0
25.400000000000002,0.0,25.400000000000002,0.0,0.0
25.5,0.0,25.5,0.0,0.0
25.6,0.0,25.6,0.0,0.0
25.700000000000003,0.0,25.700000000000003,0.0,0.0
25.8,0.0,25.8,0.0,0.0
25.900000000000002,0.0,25.900000000000002,0.0,0.0
26.0,0.0,26.0,0.0,0.0
26.1,0.0,26.1,0.0,0.0
26.200000000000003,0.0,26.200000000000003,0.0,0.0
26.3,0.0,26.3,0.0,0.0
26.400000000000002,0.0,26.400000000000002,0.0,0.0
26.5,0.0,26.5,0.0,0.0
26.6,0.0,26.6,0.0,0.0
26.700000000000003,0.0,26.700000000000003,0.0,0.0
26.8,0.0,26.8,0.0,0.0
26.900000000000002,0.0,26.900000000000002,0.0,0.0
27.0,0.0,27.0,0.0,0.0
27.1,0.0,27.1,0.0,0.0
27.200000000000003,0.0,27.200000000000003,0.0,0.0
27.3,0.0,27.3,0.0,0.0
27.400000000000002,0.0,27.400000000000002,0.0,0.0
27.5,0.0,27.5,0.0,0.0
27.6,0.0,27.6,0.0,0.0
27.700000000000003,0.0,27.700000000000003,0.0,0.0
27.8,0.0,27.8,0.0,0.0
27.900000000000002,0.0,27.900000000000002,0.0,0.0
28.0,0.0,28.0,0.0,0.0
28.1,0.0,28.1,0.0,0.0
28.200000000000003,0.0,28.200000000000003,0.0,0.0
28.3,0.0,28.3,0.0,0.0
28.400000000000002,0.0,28.400000000000002,0.0,0.0
28.5,0.0,28.5,0.0,0.0
28.6,0.0,28.6,0.0,0.0
28.700000000000003,0.0,28.700000000000003,0.0,0.0
28.8,0.0,28.8,0.0,0.0
28.900000000000002,0.0,28.900000000000002,0.0,0.0
29.0,0.0,29.0,0.0,0.0
29.1,0.0,29.1,0.0,0.0
29.200000000000003,0.0,29.200000000000003,0.0,0.0
29.3,0.0,29.3,0.0,0.0
29.400000000000002,0.0,29.400000000000002,0.0,0.0
29.5,0.0,29.5,0.0,0.0
29.6,0.0,29.6,0.0,0.0
29.700000000000003,0.0,29.700000000000003,0.0,0.0
29.8,0.0,29.8,0.0,0.0
29.900000000000002,0.0,29.900000000000002,0.0,3.2245586419307645e-05
30.0,0.0,30.0,0.0003695072019501241,0.00025667357999479103
30.1,1.2898234567901785e-06,30.10000000000832,0.002941262569548547,0.0007974363165305389
30.200000000000003,1.0266943209876981e-05,30.20000000041126,0.00950745431003524,0.001519466557417349
30.3,3.447710000000025e-05,30.300000003341918,0.020353067138197258,0.002258717946999099
30.400000000000002,8.131255308642103e-05,30.400000014309718,0.03539045754030367,0.0029827238953301664
30.5,0.00015801311728395062,30.500000043724594,0.05453257292774408,0.003691586971439941
30.6,0.000271667200000002,30.600000108310827,0.07769294946977105,0.004385409122548687
30.700000000000003,0.00042921283827161,30.700000232413892,0.10478570951130337,0.005064291576226566
30.8,0.0006374387358024706,30.800000449203775,0.13572555865813368,0.005728334763309504
30.900000000000002,0.0009029853000000063,30.900000801778045,0.17042778260575736,0.0063776382600103255
31.0,0.0012323456790123456,31.000001344167867,0.20880824378218682,0.007012300747729485
31.1,0.0016318667987654388,31.100002142250307,0.2507833778695741,0.007632419989141062
31.200000000000003,0.002107750400000015,31.20000327456991,0.2962701902640717,0.008238092819192997
31.3,0.0026660540753086458,31.30000483307273,0.34518625252834045,0.008829415149720455
31.400000000000002,0.003312692306172854,31.400006923755885,0.3974496988862156,0.009406481986437936
31.5,0.004053437500000001,31.50000966723546,0.4529792228044193,0.009969387457130004
31.6,0.0048939210271605055,31.600013199235885,0.5116940737018688,0.010518224849916526
31.700000000000003,0.0058396342580247194,31.70001767100348,0.5735140538228138,0.011053086660524597
31.8,0.0068959296000000074,31.80002324964712,0.6383595153061928,0.011574064647551924
31.900000000000002,0.008068021534567928,31.900030118408736,0.7061513574797154,0.012081249894755008
32.0,0.009360987654320987,32.00003847686635,0.7768110244035751,0.012574732879444918
32.1,0.010779769700000021,32.100048541072375,0.8502605026853838,0.013054603546118843
32.2,0.012329174597530912,32.20006054362975,0.9264223195845223,0.013520951384504654
32.300000000000004,0.014013875495061808,32.300074733708534,1.0052195414212053,0.01397386551123718
32.4,0.01583841279999997,32.40009137700542,1.086575772302544,0.014413434754418794
32.5,0.01780719521604938,32.50011075564877,1.1704151531751785,0.014839747740376025
32.6,0.01992450078024694,32.60013316805145,1.2566623612114693,0.01525289298194546
32.7,0.022194477900000068,32.70015892871401,1.345242609533863,0.01565295896766665
32.800000000000004,0.024621146390123565,32.80018836798047,1.4360816472796323,0.01604003425130507
32.9,0.02720839850987651,32.900221831749,1.5291057600061668,0.01641420754114109
33.0,0.029960000000000007,33.00025968113992,1.6242417704348917,0.01677556778852618
33.1,0.032879591119753124,33.100302292122976,1.7214170395300532,0.01712420427521641
33.2,0.035970687683950696,33.20035005510631,1.8205594679068562,0.017460206699036473
33.300000000000004,0.03923668210000014,33.30040337448916,1.9215974975617847,0.017783665257462333
33.4,0.04268084440493823,33.40046266818035,2.0244601139164895,0.01809467072873558
33.5,0.04630632330246914,33.500528367084804,2.12907684816522,0.01839331455015203
33.6,0.05011614720000005,33.60060091455978,2.2353777799143293,0.01867968889319943
33.7,0.054113225245679124,33.70068076584316,2.3432935401015755,0.018953886735256165
33.800000000000004,0.058300348365432283,33.80076838745553,2.4527553141815783,0.019216001927577442
33.9,0.06268019029999994,33.90086425657794,2.5636948455629915,0.019466129259326198
34.0,0.06725530864197532,34.00096886040735,2.6760444392820366,0.019704364517434708
34.1,0.07202814587283958,34.10108269549138,2.789736965896302,0.01993080454211793
34.2,0.07700103040000014,34.20120626704434,2.9047058655821774,0.020145547277862885
34.300000000000004,0.0821761775938274,34.301340088246164,3.020885152418498,0.02034869181976673
34.4,0.08755569082469128,34.40148467952597,3.1382094188388274,0.020540338455104168
34.5,0.09314156249999998,34.50164056783202,3.2566138402341087,0.020720588700027187
34.6,0.09893567510123465,34.60180828588947,3.3760341796872124,0.02088954533134474
34.7,0.10493980222098784,34.70198837144778,3.4964067928209723,0.02104731241332719
34.800000000000004,0.11115560960000026,34.802181366519164,3.6176686327407785,0.021193995319501113
34.9,0.1175846561641974,34.90238781660958,3.7397572550528575,0.021329700749426528
35.0,0.12422839506172836,35.00260826994391,3.862610822939463,0.021454536740504293
35.1,0.13108817470000006,35.1028432766865,3.986168112272395,0.02156861267481519
35.2,0.13816523978271622,35.203093388158685,4.110368516746054,0.02167203928102629
35.300000000000004,0.1454607323469139,35.30335915605458,4.235152053011734,0.02176492863147239
35.4,0.15297569279999992,35.403641131656435,4.360459365795114,0.021847394134483833
35.5,0.1607110609567901,35.50393986505084,4.48623173297928,0.02191955052203226
35.6,0.1686676770765433,35.60425590434704,4.612411070635521,0.02198151383281627
35.7,0.17684628290000023,35.70458979489862,4.738939937985304,0.022033401390970653
35.800000000000004,0.18524752268642009,35.80494207852958,4.865761542277163,0.02207533178045168
35.9,0.1938719442506172,35.90531329276611,4.992819743561866,0.0221074248152886
36.0,0.20272,36.00570397007503,5.1200590593513,0.02212980150589161
36.1,0.21179204797160509,36.10611463710996,5.247424669145788,0.022142584021523803
36.2,0.22108835286913606,36.206545813966294,5.374862418815867,0.022145895649182512
36.300000000000004,0.2306090871000004,36.30699801344592,5.502318824825374,0.022139860749017415
36.4,0.24035433181234558,36.40747174033262,5.62974107828237,0.022124604706539985
36.5,0.25032407793209877,36.50796749067905,5.757077048807027,0.022100253881803478
36.6,0.2605182272000001,36.60848575110618,5.884275288204055,0.022066935555686507
36.7,0.2709365932086423,36.709026998116,6.011285033929626,0.02202477787363355
36.800000000000004,0.2815789024395066,36.80959169741832,6.138056212343457,0.02197390978697944
36.9,0.29244479529999984,36.910180303272334,6.264539441736532,0.021914460992035534
37.0,0.3035338271604939,37.010793257843815,6.390686035126403,0.021846561867261416
37.1,0.3148454693913582,37.111430990578405,6.516448002813176,0.02177034340867645
37.2,0.32637911040000034,37.212093917591865,6.64177805468911,0.02168593716370759
37.300000000000004,0.33813405666790175,37.31278244107772,6.766629602296308,0.021593475163783182
37.4,0.3501095337876541,37.413496948733,6.890956760627917,0.021493089855792902
37.5,0.3623046875,37.51423781320253,7.014714349668048,0.021384914032698155
37.6,0.37471858473086417,37.61500539154228,7.137857895667904,0.021269080763468895
37.7,0.3873502146283954,37.71580002470233,7.260343632154718,0.021145723322556376
37.800000000000004,0.4001984896000005,37.81662203702973,7.382128500672521,0.02101497511917505
37.9,0.41326224634938263,37.91747173579183,7.503170151253518,0.020876969626491104
38.0,0.4265402469135802,38.01834941072034,7.623426942619525,0.0207318403109501
38.1,0.4400311797000004,38.119255333576476,7.742857942114012,0.020579720562014958
38.2,0.45373366052345715,38.2201897577375,7.861422925366674,0.020420743622427295
38.300000000000004,0.4676462336432103,38.32115291780499,7.97908237569162,0.0202550425190684
38.400000000000006,0.4817673728000008,38.42214502923497,8.095797483221205,0.020082749994861038
38.5,0.4960954822530863,38.523166287990236,8.211530143781037,0.01990399844165258
38.6,0.5106288978172844,38.624216870214994,8.326242957506917,0.019718919834284532
38.7,0.5253658879000004,38.72529693193192,8.439899227210837,0.019527645666062132
38.800000000000004,0.5403046545382724,38.82640660876195,8.552462956498898,0.019330306885645188
38.900000000000006,0.5554433344358034,38.92754601566668,8.663898847647813,0.019127033835743323
39.0,0.5707799999999998,39.02871524671361,8.774172299246802,0.018917956193410745
39.1,0.5863126603790126,39.12991437486425,8.88324940360879,0.018703202912260464
39.2,0.6020392624987658,39.23114345178503,8.991096943960875,0.018482902166813253
39.300000000000004,0.6179576921000007,39.33240250768113,9.097682391420102,0.01825718129874765
39.400000000000006,0.6340657747753097,39.43369155115314,9.20297390176152,0.01802616676547819
39.5,0.6503612770061727,39.535010569076505,9.306940311989075,0.01778998409096677
39.6,0.6668419072000003,39.63635952650373,9.409551136714958,0.017548757818895533
39.7,0.6835053167271609,39.73773836658918,9.510776564359206,0.017302611468306806
39.800000000000004,0.7003491009580255,39.83914701053641,9.610587453176207,0.017051667491692957
39.900000000000006,0.7173708003000009,39.94058535756794,9.708955327119476,0.01679604723570849
40.0,0.7345679012345677,40.04205328491719,9.805852371553165,0.01653587090430131
40.1,0.7519378373543214,40.14355064784256,9.9012514288194,0.016271257524730798
40.2,0.7694779904000004,40.245077279663306,9.995125993674888,0.016002324916144173
40.300000000000004,0.7871856912975318,40.34663299181716,10.087450208602386,0.015729189660722565
40.400000000000006,0.8050582211950627,40.448217573939345,10.178198859010383,0.015451967077782514
40.5,0.8230928124999999,40.5498307939628,10.267347368331029,0.015170771200423538
40.6,0.8412866499160495,40.651472398239406,10.35487179302515,0.014885714754973467
40.7,0.8596368714802471,40.75314211168178,10.440748817507046,0.01459690914320988
40.800000000000004,0.8781405696000009,40.85483963792558,10.524955748997995,0.014304464427210117
40.900000000000006,0.8967947920901245,40.95656465951177,10.607470512319455,0.01400848931709997
41.0,0.9155965432098763,41.05831683808878,10.688271644638093,0.013709091161239972
41.1,0.9345427847000005,41.16009581463405,10.76733829016848,0.013406375939286841
41.2,0.9536304368197532,41.26190120969465,10.844650194850786,0.013100448258002162
41.300000000000004,0.9728563793839513,41.36373262364674,10.92018770100799,0.012791411349286741
41.400000000000006,0.9922174528000012,41.46558963697338,10.993931741994142,0.012479367071267733
41.5,1.0117104591049384,41.567471810560335,11.065863836847887,0.01216441591176709
41.6,1.0313321630024694,41.66937868600965,11.135966084955301,0.011846656994049964
41.7,1.0510792929000006,41.77130978597031,11.204221160735234,0.011526188085362432
41.800000000000004,1.07094854194568,41.87326461448588,11.270612308357347,0.011203105607783481
41.900000000000006,1.0909365690654331,41.97524265735856,11.33512333650089,0.010877504651328973
42.0,1.1110400000000002,42.07724338252921,11.397738613163751,0.010549478989499983
42.1,1.1312554283419756,42.179266240473154,11.458443060532487,0.010219121097052475
42.2,1.1515794165728401,42.28131066461092,11.517222149920393,0.009886522169865963
42.300000000000004,1.1720084971000007,42.38337607173393,11.57406189678325,0.009551772147061599
42.400000000000006,1.1925391732938284,42.48546186244437,11.628948855821871,0.00921495973512465
42.5,1.2131679205246915,42.58756742160896,11.681870116178361,0.008876172434099106
42.6,1.2338911872000002,42.689692118826116,11.732813296736424,0.00853549656562469
42.7,1.2547053958012355,42.791835308906,11.781766541530164,0.008193017302848826
42.800000000000004,1.2756069439209887,42.8939963323631,11.828718515272381,0.007848818702318017
42.900000000000006,1.2965922053000012,42.99617451592078,11.873658399008296,0.007502983737312174
43.0,1.3176575308641978,43.09836917302732,11.916575885899752,0.007155594333071225
43.1,1.3387992497617287,43.200579604383144,11.957461177151359,0.006806731403618649
43.2,1.3600136704000005,43.302805098478395,11.996304978080373,0.00645647488984169
43.300000000000004,1.3812970814827172,43.4050449321408,12.033098494338176,0.006104903799349026
43.400000000000006,1.402645753046915,43.50729837109302,12.067833428291474,0.005752096247548355
43.5,1.4240559375000006,43.60956467051915,12.100501975564772,0.005398129500022053
43.6,1.44552387065679,43.711843075639806,12.13109682175354,0.005043080016180479
43.7,1.4670457727765436,43.814132822295335,12.159611139309524,0.004687023493912257
43.800000000000004,1.4886178496000007,43.91643313753667,12.18603858460467,0.004330034915629444
43.900000000000006,1.510236293386421,44.018743240223294,12.210373295180057,0.003972188595119608
44.0,1.5318972839506175,44.12106234162778,12.232609887179557,0.0036135582253582488
44.1,1.5535969897000004,44.22338964604654,12.25274345297681,0.0032542169271787547
44.2,1.5753315686716056,44.32572435141609,12.270769558994168,0.002894237298704194
44.300000000000004,1.5970971695691367,44.42806564993449,12.286684243721343,0.0025336914656928222
44.400000000000006,1.618889932800001,44.53041272868731,12.300484015934494,0.002172651132336556
44.5,1.6407059915123454,44.63276477027779,12.312165853118232,0.0018111876327016052
44.6,1.6625414726320984,44.735120953460495,12.321727200093802,0.001449371982593206
44.7,1.6843924979000007,44.83748045377805,12.329165967853575,0.0010872749320050001
44.800000000000004,1.706255184908643,44.939842444200465,12.334480532607182,0.0007249670179385603
44.900000000000006,1.7281256481395078,45.0422060957665,12.337669735037224,0.0003625186172460104
45.0,1.75,45.14457057822656,12.338732879765997,-3.2862601528904634e-14
45.1,1.771874351860494,45.24693506068663,12.337669735036837,-0.00036251861727065737
45.2,1.7937448150913575,45.34929871225267,12.334480532606893,-0.00072496701789726
45.300000000000004,1.8156075021000002,45.451660702675085,12.32916596785367,-0.0010872749319557062
45.400000000000006,1.837458527367902,45.55402020299264,12.321727200094093,-0.0014493719825767748
45.5,1.8592940084876552,45.65637638617534,12.312165853118524,-0.0018111876327473464
45.6,1.8811100672000003,45.758728427765824,12.30048401593425,-0.0021726511323738595
45.7,1.9029028304308646,45.861075506518645,12.286684243721197,-0.0025336914656679532
45.800000000000004,1.9246684313283955,45.96341680503704,12.270769558994216,-0.002894237298687985
45.900000000000006,1.9464030103000014,46.06575151040659,12.252743452976857,-0.0032542169271827515
46.0,1.9681027160493825,46.16807881482535,12.232609887179557,-0.0036135582253413734
46.1,1.9897637066135805,46.27039791622984,12.2103732951803,-0.00397218859511983
46.2,2.011382150400002,46.37270801891646,12.18603858460467,-0.004330034915683401
46.300000000000004,2.032954227223458,46.4750083341578,12.159611139309135,-0.004687023493879172
46.400000000000006,2.054476129343211,46.57729808081333,12.131096821753928,-0.005043080016126966
46.5,2.075944062500001,46.67957648593398,12.100501975565015,-0.005398129500071791
46.6,2.097354246953087,46.78184278536011,12.067833428291278,-0.005752096247564564
46.7,2.118702918517285,46.88409622431234,12.033098494338226,-0.0061049037993450295
46.800000000000004,2.1399863296000015,46.98633605797474,11.996304978080225,-0.006456474889871
46.900000000000006,2.1612007502382733,47.08856155206999,11.957461177151067,-0.006806731403631527
47.0,2.1823424691358015,47.190771983425805,11.916575885899459,-0.007155594333000614
47.1,2.2034077946999995,47.292966640532356,11.873658399008832,-0.007502983737245339
47.2,2.224393056079014,47.39514482409003,11.82871851527287,-0.007848818702409721
47.300000000000004,2.245294604198767,47.49730584754713,11.781766541529628,-0.00819301730289057
47.400000000000006,2.2661088128000006,47.59944903762702,11.732813296736424,-0.00853549656557473
47.5,2.2868320794753094,47.70157373484417,11.68187011617841,-0.008876172434111429
47.6,2.3074608267061727,47.80367929400877,11.628948855821726,-0.009214959735107775
47.7,2.327991502900001,47.90576508471921,11.574061896783494,-0.009551772147078252
47.800000000000004,2.348420583427162,48.00783049184221,11.51722214992005,-0.009886522169924361
47.900000000000006,2.3687445716580253,48.10987491597998,11.458443060532046,-0.010219121097011064
48.0,2.3889599999999986,48.211897773923916,11.397738613163899,-0.010549478989445471
48.1,2.409063430934568,48.31389849909458,11.335123336501086,-0.010877504651345626
48.2,2.429051458054321,48.41587654196725,11.270612308357297,-0.011203105607791697
48.300000000000004,2.4489207071000005,48.517831370482824,11.204221160735333,-0.01152618808533723
48.400000000000006,2.4686678369975317,48.61976247044348,11.135966084955545,-0.011846656994042193
48.5,2.488289540895062,48.72166934589279,11.065863836848084,-0.01216441591179196
48.6,2.5077825472000006,48.82355151947976,10.993931741994095,-0.012479367071296932
48.7,2.5271436206160502,48.925408532806394,10.920187701007842,-0.01279141134926598
48.800000000000004,2.546369563180248,49.027239946758485,10.844650194850981,-0.013100448258019037
48.900000000000006,2.5654572153000017,49.129045341819086,10.767338290168135,-0.01340637593933336
49.0,2.5844034567901226,49.23082431836435,10.68827164463775,-0.013709091161189457
49.1,2.6032052079098764,49.332576496941364,10.6074705123197,-0.014008489317078876
49.2,2.6218594304000002,49.434301518527555,10.524955748997895,-0.01430446442722244
49.300000000000004,2.6403631285197537,49.53599904477135,10.440748817507146,-0.014596909143243408
49.400000000000006,2.6587133500839517,49.63766875821373,10.354871793024659,-0.014885714754949264
49.5,2.6769071874999977,49.73931036249032,10.267347368331423,-0.015170771200367361
49.6,2.6949417788049397,49.84092358251378,10.178198859010553,-0.015451967077839801
49.7,2.712814308702468,49.94250816463596,10.087450208602114,-0.015729189660644738
49.800000000000004,2.730522009600001,50.044063876789814,9.995125993675973,-0.016002324916141508
49.900000000000006,2.748062162645682,50.14559050861057,9.901251428819153,-0.016271257524870575
50.0,2.765432098765431,50.24708787153593,9.80585237155262,-0.016535870904229144
50.1,2.7826291997000006,50.34855579888519,9.70895532712007,-0.016796047235686395
50.2,2.7996508990419766,50.44999414591672,9.610587453175908,-0.017051667491776112
50.300000000000004,2.8164946832728397,50.55140278986395,9.510776564358833,-0.01730261146827694
50.400000000000006,2.8331580928000006,50.652781629949395,9.409551136715006,-0.017548757818895977
50.5,2.8496387229938267,50.754130587376615,9.306940311988704,-0.017789984090921807
50.6,2.8659342252246898,50.85544960529999,9.202973901762093,-0.018026166765417795
50.7,2.882042307900002,50.956738648771996,9.097682391420426,-0.018257181298846015
50.800000000000004,2.8979607375012346,51.0579977046681,8.991096943960304,-0.018482902166843007
50.900000000000006,2.913687339620988,51.15922678158888,8.883249403608765,-0.018703202912214167
51.0,2.929219999999999,51.26042590973951,8.774172299246777,-0.018917956193419516
51.1,2.944556665564197,51.36159514078645,8.663898847647689,-0.01912703383570835
51.2,2.959695345461727,51.46273454769118,8.55246295649927,-0.019330306885649406
51.300000000000004,2.9746341121000013,51.563844224521205,8.439899227210663,-0.019527645666100657
51.400000000000006,2.9893711021827145,51.66492428623813,8.326242957506842,-0.019718919834201265
51.5,3.003904517746914,51.765974868462884,8.211530143781832,-0.019903998441654802
51.6,3.0182326272000006,51.86699612721816,8.095797483221105,-0.02008274999495918
51.7,3.032353766356791,51.96798823864814,7.97908237569127,-0.020255042519035982
51.800000000000004,3.046266339476543,52.068951398715626,7.861422925366949,-0.020420743622399207
51.900000000000006,3.0599688203000017,52.16988582287665,7.742857942113987,-0.020579720562032944
52.0,3.0734597530864187,52.27079174573278,7.623426942619601,-0.0207318403108665
52.1,3.086737753650619,52.37166942066129,7.503170151254467,-0.02087696962648089
52.2,3.099801510400003,52.472519119423396,7.382128500672709,-0.021014975119375667
52.300000000000004,3.112649785371608,52.573341131750794,7.26034363215334,-0.021145723322633203
52.400000000000006,3.1252814152691344,52.674135764910844,7.137857895667202,-0.021269080763299253
52.5,3.1376953125,52.77490334325059,7.014714349668637,-0.021384914032668734
52.6,3.1498904662123457,52.87564420772012,6.8909567606275655,-0.021493089855929015
52.7,3.1618659433320975,52.976358715375405,6.766629602295318,-0.021593475163662723
52.800000000000004,3.173620889599997,53.07704723886126,6.641778054690139,-0.02168593716355427
52.900000000000006,3.185154530608645,53.17771016587472,6.516448002813954,-0.02177034340884476
53.0,3.1964661728395054,53.278347898609304,6.390686035125499,-0.021846561867270742
53.1,3.2075552046999993,53.378960853180786,6.2645394417372104,-0.02191446099192884
53.2,3.218421097560496,53.47954945903481,6.138056212343772,-0.021973909787063706
53.300000000000004,3.2290634067913593,53.580114158337125,6.011285033929324,-0.022024777873699164
53.400000000000006,3.2394817728000014,53.68065540534695,5.8842752882036145,-0.022066935555632716
53.5,3.249675922067901,53.78117366577407,5.757077048807354,-0.02210025388178355
53.6,3.259645668187656,53.8816694161205,5.629741078282169,-0.02212460470670874
53.7,3.2693909128999996,53.98214314300721,5.502318824823748,-0.022139860748918938
53.800000000000004,3.278911647130861,54.08259534248683,5.374862418816788,-0.022145895648910896
53.900000000000006,3.2882079520283978,54.183026519343166,5.247424669147289,-0.022142584021651646
54.0,3.2972800000000015,54.28343718637809,5.120059059350758,-0.022129801506046987
54.1,3.306128055749383,54.38382786368701,4.992819743561587,-0.022107424815269727
54.2,3.3147524773135806,54.48419907792355,4.865761542276828,-0.02207533178043347
54.300000000000004,3.3231537170999994,54.58455136155451,4.7389399379852275,-0.022033401390913032
54.400000000000006,3.3313323229234575,54.684885252106085,4.612411070635849,-0.021981513832912636
54.5,3.3392889390432106,54.78520129140228,4.486231732978104,-0.02191955052213579
54.6,3.3470243071999963,54.885500024796684,4.36045936579426,-0.021847394134282827
54.7,3.3545392676530845,54.985782000398544,4.23515205301286,-0.021764928631342217
54.800000000000004,3.3618347602172847,55.08604776829444,4.1103685167466875,-0.021672039281127098
54.900000000000006,3.3689118253000006,55.18629787976663,3.986168112272363,-0.021568612674828014
55.0,3.375771604938272,55.28653288650921,3.8626108229399567,-0.021454536740520003
55.1,3.3824153438358042,55.38675333984354,3.739757255052655,-0.021329700749401326
55.2,3.3888443904,55.48695978993396,3.6176686327415526,-0.021193995319442382
55.300000000000004,3.395060197779017,55.587152785005344,3.4964067928214355,-0.02104731241346125
55.400000000000006,3.4010643248987673,55.68733287056365,3.3760341796864552,-0.020889545331406967
55.5,3.4068584375000017,55.78750058862109,3.2566138402338742,-0.020720588700118392
55.6,3.4124443091753096,55.88765647692714,3.138209418837033,-0.020540338455196594
55.7,3.4178238224061683,55.987801068206956,3.0208851524171947,-0.02034869181945065
55.800000000000004,3.4229989695999965,56.08793488940878,2.9047058655840012,-0.02014554727763701
55.900000000000006,3.427971854127162,56.18805846096174,2.78973696589759,-0.019930804542281855
56.0,3.4327446913580255,56.288172296045765,2.6760444392819887,-0.019704364517552114
56.1,3.4373198097000013,56.38827689987517,2.5636948455629405,-0.01946612925930452
56.2,3.4416996516345693,56.48837276899759,2.452755314181772,-0.019216001927601478
56.300000000000004,3.4458867747543227,56.58846039060996,2.343293540101242,-0.018953886735447956
56.400000000000006,3.4498838527999998,56.68854024189334,2.235377779912324,-0.01867968889315963
56.5,3.453693676697525,56.78861278936831,2.1290768481653504,-0.018393314549755707
56.6,3.4573191555950613,56.88867848827276,2.024460113919036,-0.018094670728787482
56.7,3.4607633179000032,56.98873778196396,1.921597497561313,-0.017783665257694925
56.800000000000004,3.4640293123160477,57.08879110134681,1.8205594679067278,-0.0174602066988023
56.900000000000006,3.4671204088802496,57.188838864330144,1.7214170395322665,-0.01712420427515629
57.0,3.470040000000006,57.28888147531319,1.6242417704354604,-0.01677556778891523
57.1,3.4727916014901283,57.38891932470411,1.5291057600039275,-0.01641420754139261
57.2,3.4753788536098744,57.48895278847265,1.4360816472773112,-0.01604003425112774
57.300000000000004,3.477805522099997,57.58898222773911,1.3452426095336498,-0.015652958967416794
57.400000000000006,3.4800754992197502,57.68900798840167,1.2566623612120122,-0.015252892981899968
57.5,3.4821928047839497,57.78903040080434,1.1704151531754927,-0.01483974774039458
57.6,3.4841615871999987,57.889049779447696,1.0865757723028802,-0.014413434754440888
57.7,3.485986124504939,57.989066422744585,1.0052195414212606,-0.013973865511319392
57.800000000000004,3.4876708254024686,58.089080612823366,0.9264223195839106,-0.013520951384480603
57.900000000000006,3.489220230299998,58.189092615380744,0.8502605026857145,-0.01305460354599168
58.0,3.49063901234568,58.28910267958676,0.7768110244044257,-0.012574732879404707
58.1,3.4919319784654332,58.389111038044376,0.7061513574805124,-0.012081249894786865
58.2,3.493104070400004,58.489117906805994,0.6383595153066786,-0.011574064647686795
58.300000000000004,3.4941603657419784,58.58912348544963,0.5735140538220653,-0.011053086660802479
58.400000000000006,3.495106078972841,58.689127957217224,0.5116940736991721,-0.010518224849871478
58.5,3.495946562499994,58.78913148921764,0.4529792228041953,-0.009969387456890778
58.6,3.4966873076938274,58.88913423269722,0.39744969888626475,-0.009406481986408751
58.7,3.497333945924686,58.98913632338037,0.34518625252844876,-0.008829415149534323
58.800000000000004,3.497892249600001,59.0891378818832,0.296270190266252,-0.008238092819273402
58.900000000000006,3.4983681332012364,59.189139014202794,0.2507833778687608,-0.007632419989298703
59.0,3.498767654320986,59.28913981228523,0.2088082437825652,-0.007012300747783638
59.1,3.4990970147000025,59.38914035467506,0.17042778260432398,-0.006377638260109746
59.2,3.4993625612641903,59.48914070724933,0.13572555865736993,-0.005728334762990851
59.300000000000004,3.499570787161728,59.589140924039214,0.10478570951352047,-0.005064291575994402
59.400000000000006,3.4997283328000006,59.689141048142275,0.07769294947166744,-0.0043854091228636375
59.5,3.499841986882723,59.7891411127285,0.05453257292635465,-0.0036915869718477895
59.6,3.4999186874469097,59.88914114214338,0.03539045753752763,-0.002982723895048525
59.7,3.499965522899998,59.98914115311118,0.020353067140034924,-0.002258717946729339
59.800000000000004,3.4999897330567924,60.08914115604184,0.009507454310350405,-0.0015194665576388937
59.900000000000006,3.499998710176542,60.189141156444784,0.002941262568846576,-0.0007974363165279225
60.0,3.5,60.2891411564531,0.00036950720229529145,-0.0002566735799335462
60.1,3.5,60.3891411564531,0.0,-3.2245586449427466e-05
60.2,3.5,60.4891411564531,0.0,0.0
60.300000000000004,3.5,60.5891411564531,0.0,0.0
60.400000000000006,3.5,60.689141156453104,0.0,0.0
60.5,3.5,60.7891411564531,0.0,0.0
60.6,3.5,60.8891411564531,0.0,0.0
60.7,3.5,60.9891411564531,0.0,0.0
60.800000000000004,3.5,61.0891411564531,0.0,0.0
60.900000000000006,3.5,61.189141156453104,0.0,0.0
61.0,3.5,61.2891411564531,0.0,0.0
61.1,3.5,61.3891411564531,0.0,0.0
61.2,3.5,61.4891411564531,0.0,0.0
61.300000000000004,3.5,61.5891411564531,0.0,0.0
61.400000000000006,3.5,61.689141156453104,0.0,0.0
61.5,3.5,61.7891411564531,0.0,0.0
61.6,3.5,61.8891411564531,0.0,0.0
61.7,3.5,61.9891411564531,0.0,0.0
61.800000000000004,3.5,62.0891411564531,0.0,0.0
61.900000000000006,3.5,62.189141156453104,0.0,0.0
62.0,3.5,62.2891411564531,0.0,0.0
62.1,3.5,62.3891411564531,0.0,0.0
62.2,3.5,62.4891411564531,0.0,0.0
62.300000000000004,3.5,62.5891411564531,0.0,0.0
62.400000000000006,3.5,62.689141156453104,0.0,0.0
62.5,3.5,62.7891411564531,0.0,0.0
62.6,3.5,62.8891411564531,0.0,0.0
62.7,3.5,62.9891411564531,0.0,0.0
62.800000000000004,3.5,63.0891411564531,0.0,0.0
62.900000000000006,3.5,63.189141156453104,0.0,0.0
63.0,3.5,63.2891411564531,0.0,0.0
63.1,3.5,63.3891411564531,0.0,0.0
63.2,3.5,63.4891411564531,0.0,0.0
63.300000000000004,3.5,63.5891411564531,0.0,0.0
63.400000000000006,3.5,63.689141156453104,0.0,0.0
63.5,3.5,63.7891411564531,0.0,0.0
63.6,3.5,63.8891411564531,0.0,0.0
63.7,3.5,63.9891411564531,0.0,0.0
63.800000000000004,3.5,64.08914115645311,0.0,0.0
63.900000000000006,3.5,64.1891411564531,0.0,0.0
64.0,3.5,64.2891411564531,0.0,0.0
64.10000000000001,3.5,64.3891411564531,0.0,0.0
64.2,3.5,64.4891411564531,0.0,0.0
64.3,3.5,64.5891411564531,0.0,0.0
64.4,3.5,64.6891411564531,0.0,0.0
64.5,3.5,64.7891411564531,0.0,0.0
64.60000000000001,3.5,64.8891411564531,0.0,0.0
64.7,3.5,64.9891411564531,0.0,0.0
64.8,3.5,65.0891411564531,0.0,0.0
64.9,3.5,65.1891411564531,0.0,0.0
65.0,3.5,65.2891411564531,0.0,0.0
65.10000000000001,3.5,65.3891411564531,0.0,0.0
65.2,3.5,65.4891411564531,0.0,0.0
65.3,3.5,65.5891411564531,0.0,0.0
65.4,3.5,65.6891411564531,0.0,0.0
65.5,3.5,65.7891411564531,0.0,0.0
65.60000000000001,3.5,65.8891411564531,0.0,0.0
65.7,3.5,65.9891411564531,0.0,0.0
65.8,3.5,66.0891411564531,0.0,0.0
65.9,3.5,66.1891411564531,0.0,0.0
66.0,3.5,66.2891411564531,0.0,0.0
66.10000000000001,3.5,66.3891411564531,0.0,0.0
66.2,3.5,66.4891411564531,0.0,0.0
66.3,3.5,66.5891411564531,0.0,0.0
66.4,3.5,66.6891411564531,0.0,0.0
66.5,3.5,66.7891411564531,0.0,0.0
66.60000000000001,3.5,66.8891411564531,0.0,0.0
66.7,3.5,66.9891411564531,0.0,0.0
66.8,3.5,67.0891411564531,0.0,0.0
66.9,3.5,67.1891411564531,0.0,0.0
67.0,3.5,67.2891411564531,0.0,0.0
67.10000000000001,3.5,67.3891411564531,0.0,0.0
67.2,3.5,67.4891411564531,0.0,0.0
67.3,3.5,67.5891411564531,0.0,0.0
67.4,3.5,67.6891411564531,0.0,0.0
67.5,3.5,67.7891411564531,0.0,0.0
67.60000000000001,3.5,67.8891411564531,0.0,0.0
67.7,3.5,67.9891411564531,0.0,0.0
67.8,3.5,68.0891411564531,0.0,0.0
67.9,3.5,68.1891411564531,0.0,0.0
68.0,3.5,68.2891411564531,0.0,0.0
68.10000000000001,3.5,68.3891411564531,0.0,0.0
68.2,3.5,68.4891411564531,0.0,0.0
68.3,3.5,68.5891411564531,0.0,0.0
68.4,3.5,68.6891411564531,0.0,0.0
68.5,3.5,68.7891411564531,0.0,0.0
68.60000000000001,3.5,68.8891411564531,0.0,0.0
68.7,3.5,68.9891411564531,0.0,0.0
68.8,3.5,69.0891411564531,0.0,0.0
68.9,3.5,69.1891411564531,0.0,0.0
69.0,3.5,69.2891411564531,0.0,0.0
69.10000000000001,3.5,69.3891411564531,0.0,0.0
69.2,3.5,69.4891411564531,0.0,0.0
69.3,3.5,69.5891411564531,0.0,0.0
69.4,3.5,69.6891411564531,0.0,0.0
69.5,3.5,69.7891411564531,0.0,0.0
69.60000000000001,3.5,69.8891411564531,0.0,0.0
69.7,3.5,69.9891411564531,0.0,0.0
69.8,3.5,70.0891411564531,0.0,0.0
69.9,3.5,70.1891411564531,0.0,0.0
70.0,3.5,70.2891411564531,0.0,0.0
70.10000000000001,3.5,70.3891411564531,0.0,0.0
70.2,3.5,70.4891411564531,0.0,0.0
70.3,3.5,70.5891411564531,0.0,0.0
70.4,3.5,70.6891411564531,0.0,0.0
70.5,3.5,70.7891411564531,0.0,0.0
70.60000000000001,3.5,70.8891411564531,0.0,0.0
70.7,3.5,70.9891411564531,0.0,0.0
70.8,3.5,71.0891411564531,0.0,0.0
70.9,3.5,71.1891411564531,0.0,0.0
71.0,3.5,71.2891411564531,0.0,0.0
71.10000000000001,3.5,71.3891411564531,0.0,0.0
71.2,3.5,71.4891411564531,0.0,0.0
71.3,3.5,71.5891411564531,0.0,0.0
71.4,3.5,71.6891411564531,0.0,0.0
71.5,3.5,71.7891411564531,0.0,0.0
71.60000000000001,3.5,71.8891411564531,0.0,0.0
71.7,3.5,71.9891411564531,0.0,0.0
71.8,3.5,72.0891411564531,0.0,0.0
71.9,3.5,72.1891411564531,0.0,0.0
72.0,3.5,72.2891411564531,0.0,0.0
72.10000000000001,3.5,72.3891411564531,0.0,0.0
72.2,3.5,72.4891411564531,0.0,0.0
72.3,3.5,72.5891411564531,0.0,0.0
72.4,3.5,72.6891411564531,0.0,0.0
72.5,3.5,72.7891411564531,0.0,0.0
72.60000000000001,3.5,72.8891411564531,0.0,0.0
72.7,3.5,72.9891411564531,0.0,0.0
72.8,3.5,73.0891411564531,0.0,0.0
72.9,3.5,73.1891411564531,0.0,0.0
73.0,3.5,73.2891411564531,0.0,0.0
73.10000000000001,3.5,73.3891411564531,0.0,0.0
73.2,3.5,73.4891411564531,0.0,0.0
73.3,3.5,73.5891411564531,0.0,0.0
73.4,3.5,73.6891411564531,0.0,0.0
73.5,3.5,73.7891411564531,0.0,0.0
73.60000000000001,3.5,73.8891411564531,0.0,0.0
73.7,3.5,73.9891411564531,0.0,0.0
73.8,3.5,74.0891411564531,0.0,0.0
73.9,3.5,74.1891411564531,0.0,0.0
74.0,3.5,74.2891411564531,0.0,0.0
74.10000000000001,3.5,74.3891411564531,0.0,0.0
74.2,3.5,74.4891411564531,0.0,0.0
74.3,3.5,74.5891411564531,0.0,0.0
74.4,3.5,74.6891411564531,0.0,0.0
74.5,3.5,74.7891411564531,0.0,0.0
74.60000000000001,3.5,74.8891411564531,0.0,0.0
74.7,3.5,74.9891411564531,0.0,0.0
74.8,3.5,75.0891411564531,0.0,0.0
74.9,3.5,75.1891411564531,0.0,0.0
75.0,3.5,75.2891411564531,0.0,0.0
75.10000000000001,3.5,75.3891411564531,0.0,0.0
75.2,3.5,75.4891411564531,0.0,0.0
75.3,3.5,75.5891411564531,0.0,0.0
75.4,3.5,75.6891411564531,0.0,0.0
75.5,3.5,75.7891411564531,0.0,0.0
75.60000000000001,3.5,75.8891411564531,0.0,0.0
75.7,3.5,75.9891411564531,0.0,0.0
75.8,3.5,76.0891411564531,0.0,0.0
75.9,3.5,76.1891411564531,0.0,0.0
76.0,3.5,76.2891411564531,0.0,0.0
76.10000000000001,3.5,76.3891411564531,0.0,0.0
76.2,3.5,76.4891411564531,0.0,0.0
76.3,3.5,76.5891411564531,0.0,0.0
76.4,3.5,76.6891411564531,0.0,0.0
76.5,3.5,76.7891411564531,0.0,0.0
76.60000000000001,3.5,76.8891411564531,0.0,0.0
76.7,3.5,76.9891411564531,0.0,0.0
76.80000000000001,3.5,77.08914115645311,0.0,0.0
76.9,3.5,77.1891411564531,0.0,0.0
77.0,3.5,77.2891411564531,0.0,0.0
77.10000000000001,3.5,77.3891411564531,0.0,0.0
77.2,3.5,77.4891411564531,0.0,0.0
77.30000000000001,3.5,77.58914115645311,0.0,0.0
77.4,3.5,77.6891411564531,0.0,0.0
77.5,3.5,77.7891411564531,0.0,0.0
77.60000000000001,3.5,77.8891411564531,0.0,0.0
77.7,3.5,77.9891411564531,0.0,0.0
77.80000000000001,3.5,78.08914115645311,0.0,0.0
77.9,3.5,78.1891411564531,0.0,0.0
78.0,3.5,78.2891411564531,0.0,0.0
78.10000000000001,3.5,78.3891411564531,0.0,0.0
78.2,3.5,78.4891411564531,0.0,0.0
78.30000000000001,3.5,78.58914115645311,0.0,0.0
78.4,3.5,78.6891411564531,0.0,0.0
78.5,3.5,78.7891411564531,0.0,0.0
78.60000000000001,3.5,78.8891411564531,0.0,0.0
78.7,3.5,78.9891411564531,0.0,0.0
78.80000000000001,3.5,79.08914115645311,0.0,0.0
78.9,3.5,79.1891411564531,0.0,0.0
79.0,3.5,79.2891411564531,0.0,0.0
79.10000000000001,3.5,79.3891411564531,0.0,0.0
79.2,3.5,79.4891411564531,0.0,0.0
79.30000000000001,3.5,79.58914115645311,0.0,0.0
79.4,3.5,79.6891411564531,0.0,0.0
79.5,3.5,79.7891411564531,0.0,0.0
79.60000000000001,3.5,79.8891411564531,0.0,0.0
79.7,3.5,79.9891411564531,0.0,0.0
79.80000000000001,3.5,80.08914115645311,0.0,0.0
79.9,3.5,80.1891411564531,0.0,0.0
80.0,3.5,80.2891411564531,0.0,0.0
80.10000000000001,3.5,80.3891411564531,0.0,0.0
80.2,3.5,80.4891411564531,0.0,0.0
80.30000000000001,3.5,80.58914115645311,0.0,0.0
80.4,3.5,80.6891411564531,0.0,0.0
80.5,3.5,80.7891411564531,0.0,0.0
80.60000000000001,3.5,80.8891411564531,0.0,0.0
80.7,3.5,80.9891411564531,0.0,0.0
80.80000000000001,3.5,81.08914115645311,0.0,0.0
80.9,3.5,81.1891411564531,0.0,0.0
81.0,3.5,81.2891411564531,0.0,0.0
81.10000000000001,3.5,81.3891411564531,0.0,0.0
81.2,3.5,81.4891411564531,0.0,0.0
81.30000000000001,3.5,81.58914115645311,0.0,0.0
81.4,3.5,81.6891411564531,0.0,0.0
81.5,3.5,81.7891411564531,0.0,0.0
81.60000000000001,3.5,81.8891411564531,0.0,0.0
81.7,3.5,81.9891411564531,0.0,0.0
81.80000000000001,3.5,82.08914115645311,0.0,0.0
81.9,3.5,82.1891411564531,0.0,0.0
82.0,3.5,82.2891411564531,0.0,0.0
82.10000000000001,3.5,82.3891411564531,0.0,0.0
82.2,3.5,82.4891411564531,0.0,0.0
82.30000000000001,3.5,82.58914115645311,0.0,0.0
82.4,3.5,82.6891411564531,0.0,0.0
82.5,3.5,82.7891411564531,0.0,0.0
82.60000000000001,3.5,82.8891411564531,0.0,0.0
82.7,3.5,82.9891411564531,0.0,0.0
82.80000000000001,3.5,83.08914115645311,0.0,0.0
82.9,3.5,83.1891411564531,0.0,0.0
83.0,3.5,83.2891411564531,0.0,0.0
83.10000000000001,3.5,83.3891411564531,0.0,0.0
83.2,3.5,83.4891411564531,0.0,0.0
83.30000000000001,3.5,83.58914115645311,0.0,0.0
83.4,3.5,83.6891411564531,0.0,0.0
83.5,3.5,83.7891411564531,0.0,0.0
83.60000000000001,3.5,83.8891411564531,0.0,0.0
83.7,3.5,83.9891411564531,0.0,0.0
83.80000000000001,3.5,84.08914115645311,0.0,0.0
83.9,3.5,84.1891411564531,0.0,0.0
84.0,3.5,84.2891411564531,0.0,0.0
84.10000000000001,3.5,84.3891411564531,0.0,0.0
84.2,3.5,84.4891411564531,0.0,0.0
84.30000000000001,3.5,84.58914115645311,0.0,0.0
84.4,3.5,84.6891411564531,0.0,0.0
84.5,3.5,84.7891411564531,0.0,0.0
84.60000000000001,3.5,84.8891411564531,0.0,0.0
84.7,3.5,84.9891411564531,0.0,0.0
84.80000000000001,3.5,85.08914115645311,0.0,0.0
84.9,3.5,85.1891411564531,0.0,-3.224558641390262e-05
85.0,3.5,85.2891411564531,-0.0003695072018881804,-0.00025667357998680957
85.10000000000001,3.4999987101765435,85.38914115646142,-0.0029412625694572423,-0.0007974363165456824
85.2,3.49998973305679,85.48914115686436,-0.00950745431014685,-0.0015194665574256503
85.30000000000001,3.4999655228999997,85.58914115979503,-0.020353067138202924,-0.0022587179469958454
85.4,3.4999186874469137,85.68914117076282,-0.03539045754037741,-0.002982723895350716
85.5,3.499841986882716,85.7891412001777,-0.05453257292798308,-0.003691586971439022
85.60000000000001,3.4997283327999997,85.88914126476394,-0.07769294946983545,-0.004385409122508107
85.7,3.4995707871617285,85.989141388867,-0.10478570951107781,-0.0050642915762251235
85.80000000000001,3.4993625612641974,86.08914160565689,-0.13572555865818417,-0.005728334763328631
85.9,3.4990970147000002,86.18914195823115,-0.17042778260574887,-0.00637763826000382
86.0,3.4987676543209876,86.28914250062097,-0.2088082437821581,-0.007012300747730033
86.10000000000001,3.4983681332012346,86.38914329870342,-0.25078337786957505,-0.0076324199891564005
86.2,3.4978922496,86.489144431023,-0.2962701902642165,-0.008238092819201986
86.30000000000001,3.4973339459246913,86.58914598952585,-0.34518625252844876,-0.008829415149693945
86.4,3.496687307693827,86.689148080209,-0.3974496988860612,-0.00940648198642683
86.5,3.4959465625,86.78915082368857,-0.45297922280439884,-0.009969387457138705
86.60000000000001,3.4951060789728396,86.889154355689,-0.5116940737018182,-0.010518224849906298
86.7,3.4941603657419753,86.98915882745659,-0.573514053822676,-0.01105308666053565
86.80000000000001,3.4931040704,87.08916440610024,-0.6383595153062716,-0.011574064647562499
86.9,3.491931978465432,87.18917127486185,-0.7061513574796983,-0.012081249894733997
87.0,3.490639012345679,87.28917963331946,-0.7768110244034082,-0.012574732879439297
87.10000000000001,3.4892202303,87.3891896975255,-0.8502605026853075,-0.013054603546133803
87.2,3.487670825402469,87.48920170008286,-0.926422319584521,-0.013520951384517019
87.30000000000001,3.485986124504938,87.58921589016164,-1.0052195414212606,-0.013973865511248837
87.4,3.4841615872,87.68923253345852,-1.0865757723026765,-0.014413434754406929
87.5,3.4821928047839505,87.78925191210186,-1.1704151531750855,-0.014839747740376275
87.60000000000001,3.480075499219753,87.88927432450456,-1.2566623612116055,-0.015252892981951677
87.7,3.4778055220999997,87.98930008516712,-1.3452426095338534,-0.01565295896764693
87.80000000000001,3.475378853609876,88.08932952443358,-1.4360816472795488,-0.016040034251305776
87.9,3.4727916014901234,88.1893629882021,-1.529105760006165,-0.016414207541145948
88.0,3.47004,88.28940083759302,-1.6242417704348504,-0.0167755677885236
88.10000000000001,3.4671204088802465,88.38944344857609,-1.7214170395300294,-0.017124204275208887
88.2,3.4640293123160495,88.48949121155941,-1.8205594679067278,-0.017460206699033476
88.30000000000001,3.4607633178999997,88.58954453094226,-1.9215974975617198,-0.017783665257481568
88.4,3.4573191555950618,88.68960382463347,-2.024460113916596,-0.018094670728752593
88.5,3.453693676697531,88.78966952353791,-2.1290768481653504,-0.018393314550145062
88.60000000000001,3.4498838527999998,88.88974207101289,-2.2353777799143564,-0.01867968889319513
88.7,3.445886774754321,88.98982192229626,-2.3432935401016484,-0.01895388673525364
88.80000000000001,3.4416996516345675,89.08990954390863,-2.452755314181569,-0.019216001927566034
88.9,3.4373198097,89.19000541303105,-2.5636948455629405,-0.019466129259340603
89.0,3.4327446913580246,89.29011001686045,-2.676044439282192,-0.01970436451744384
89.10000000000001,3.42797185412716,89.3902238519445,-2.7897369658963718,-0.019930804542103497
89.2,3.4229989695999996,89.49034742349745,-2.9047058655821743,-0.020145547277850034
89.30000000000001,3.4178238224061723,89.59048124469928,-3.020885152418413,-0.02034869181976906
89.4,3.4124443091753083,89.69062583597909,-3.1382094188388594,-0.020540338455109608
89.5,3.4068584375000004,89.79078172428513,-3.2566138402340767,-0.02072058870003063
89.60000000000001,3.4010643248987646,89.89094944234257,-3.3760341796872666,-0.020889545331353232
89.7,3.3950601977790122,89.99112952790088,-3.496406792821029,-0.021047312413337627
89.80000000000001,3.388844390399999,90.09132252297226,-3.617668632740944,-0.021193995319497005
89.9,3.382415343835802,90.19152897306267,-3.7397572550528575,-0.021329700749402825
90.0,3.3757716049382713,90.291749426397,-3.8626108229393483,-0.02145453674050074
90.10000000000001,3.3689118252999997,90.3919844331396,-3.986168112272363,-0.021568612674827237
90.2,3.361834760217284,90.49223454461178,-4.11036851674608,-0.021672039281039
90.30000000000001,3.3545392676530854,90.59250031250768,-4.235152053011848,-0.021764928631483937
90.4,3.3470243071999994,90.69278228810953,-4.360459365795272,-0.021847394134461184
90.5,3.3392889390432097,90.79308102150392,-4.486231732979116,-0.021919550522011055
90.60000000000001,3.331332322923456,90.89339706080014,-4.612411070635445,-0.021981513832840693
90.7,3.3231537171,90.99373095135171,-4.73893993798543,-0.0220334013909832
90.80000000000001,3.3147524773135792,91.09408323498268,-4.865761542277232,-0.02207533178043336
90.9,3.306128055749382,91.19445444921921,-4.99281974356179,-0.022107424815288046
91.0,3.29728,91.29484512652813,-5.120059059351363,-0.02212980150588756
91.10000000000001,3.288207952028394,91.39525579356307,-5.2474246691456745,-0.022142584021527356
91.2,3.2789116471308644,91.4956869704194,-5.37486241881598,-0.02214589564919056
91.30000000000001,3.2693909128999987,91.59613916989903,-5.5023188248253625,-0.022139860749007423
91.4,3.259645668187654,91.69661289678572,-5.62974107828237,-0.02212460470655342
91.5,3.249675922067901,91.79710864713215,-5.757077048807154,-0.02210025388180009
91.60000000000001,3.239481772799999,91.89762690755929,-5.884275288204017,-0.0220669355556668
91.7,3.2290634067913575,91.9981681545691,-6.011285033929525,-0.02202477787362933
91.80000000000001,3.2184210975604928,92.09873285387143,-6.138056212343369,-0.021973909787002532
91.9,3.2075552046999993,92.19932145972544,-6.264539441736708,-0.02191446099202643
92.0,3.196466172839506,92.29993441429691,-6.390686035126201,-0.021846561867243874
92.10000000000001,3.1851545306086413,92.40057214703151,-6.51644800281315,-0.02177034340869677
92.2,3.1736208895999996,92.50123507404496,-6.6417780546891345,-0.0216859371637127
92.30000000000001,3.1618659433320975,92.60192359753081,-6.766629602296321,-0.02159347516378618
92.4,3.149890466212345,92.70263810518608,-6.890956760627967,-0.021493089855791125
92.5,3.1376953125,92.80337896965561,-7.014714349668035,-0.021384914032693825
92.60000000000001,3.125281415269135,92.90414654799537,-7.137857895667904,-0.021269080763473558
92.7,3.1126497853716044,93.0049411811554,-7.2603436321547425,-0.021145723322555265
92.80000000000001,3.0998015103999985,93.10576319348282,-7.382128500672509,-0.02101497511917494
92.9,3.0867377536506164,93.20661289224492,-7.503170151253567,-0.02087696962648078
93.0,3.0734597530864196,93.30749056717343,-7.6234269426194015,-0.020731840310942884
93.10000000000001,3.059968820299999,93.40839649002957,-7.742857942113987,-0.020579720562041603
93.2,3.046266339476543,93.50933091419058,-7.861422925366849,-0.020420743622443283
93.30000000000001,3.0323537663567883,93.61029407425808,-7.979082375691769,-0.020255042519027322
93.4,3.018232627199999,93.71128618568805,-8.095797483220906,-0.020082749994839943
93.5,3.003904517746914,93.81230744444332,-8.211530143780935,-0.01990399844168922
93.60000000000001,2.9893711021827145,93.91335802666808,-8.326242957507043,-0.019718919834278203
93.7,2.9746341120999995,94.014438088385,-8.439899227210663,-0.019527645666057136
93.80000000000001,2.9596953454617267,94.11554776521504,-8.552462956498973,-0.019330306885666837
93.9,2.9445566655641966,94.21668717211976,-8.663898847647888,-0.019127033835735996
94.0,2.9292200000000004,94.31785640316669,-8.774172299246777,-0.01891795619341885
94.10000000000001,2.9136873396209864,94.41905553131734,-8.883249403608964,-0.018703202912272898
94.2,2.8979607375012337,94.52028460823811,-8.991096943960999,-0.018482902166791826
94.30000000000001,2.882042307899998,94.62154366413422,-9.097682391420028,-0.018257181298742986
94.4,2.86593422522469,94.72283270760623,-9.202973901761597,-0.018026166765478968
94.5,2.849638722993827,94.82415172552959,-9.306940311989,-0.01778998409095589
94.60000000000001,2.8331580927999984,94.92550068295682,-9.409551136714908,-0.017548757818895977
94.7,2.8164946832728393,95.02687952304225,-9.510776564359132,-0.017302611468311357
94.80000000000001,2.7996508990419735,95.12828816698949,-9.610587453176207,-0.017051667491700173
94.9,2.7826291996999992,95.22972651402101,-9.708955327119476,-0.016796047235713596
95.0,2.7654320987654324,95.33119444137026,-9.805852371553213,-0.01653587090429598
95.10000000000001,2.7480621626456774,95.43269180429564,-9.90125142881935,-0.01627125752472547
95.2,2.7305220095999996,95.53421843611639,-9.995125993674888,-0.01600232491615805
95.30000000000001,2.712814308702467,95.63577414827026,-10.08745020860251,-0.015729189660720566
95.4,2.694941778804937,95.73735873039243,-10.178198859010356,-0.015451967077764639
95.5,2.6769071875000003,95.83897195041588,-10.26734736833093,-0.015170771200434419
95.60000000000001,2.658713350083949,95.94061355469249,-10.35487179302525,-0.014885714754981905
95.7,2.640363128519753,96.04228326813487,-10.440748817507046,-0.014596909143184233
95.80000000000001,2.621859430399998,96.14398079437866,-10.524955748997797,-0.014304464427222663
95.9,2.603205207909876,96.24570581596485,-10.607470512319601,-0.014008489317129169
96.0,2.5844034567901235,96.34745799454187,-10.68827164463824,-0.013709091161222098
96.10000000000001,2.565457215299998,96.44923697108715,-10.76733829016843,-0.013406375939265525
96.2,2.5463695631802468,96.55104236614774,-10.844650194850686,-0.0131004482580106
96.30000000000001,2.5271436206160476,96.65287378009984,-10.92018770100804,-0.012791411349299842
96.4,2.507782547199999,96.75473079342646,-10.993931741994192,-0.012479367071264513
96.5,2.4882895408950616,96.85661296701342,-11.065863836847887,-0.012164415911765869
96.60000000000001,2.468667836997529,96.95851984246275,-11.13596608495535,-0.01184665699404941
96.7,2.448920707099999,97.0604509424234,-11.204221160735234,-0.011526188085346
96.80000000000001,2.4290514580543188,97.16240577093897,-11.270612308357197,-0.011203105607775932
96.9,2.409063430934567,97.26438381381163,-11.335123336500793,-0.010877504651338632
97.0,2.38896,97.36638453898229,-11.397738613163703,-0.010549478989512195
97.10000000000001,2.368744571658023,97.46840739692624,-11.458443060532534,-0.01021912109706069
97.2,2.34842058342716,97.570451821064,-11.51722214992044,-0.00988652216986552
97.30000000000001,2.3279915028999976,97.67251722818702,-11.574061896783299,-0.009551772147044502
97.4,2.3074608267061714,97.77460301889745,-11.628948855821726,-0.009214959735108663
97.5,2.2868320794753085,97.87670857806204,-11.681870116178215,-0.008876172434120089
97.60000000000001,2.2661088127999984,97.9788332752792,-11.73281329673652,-0.008535496565632461
97.7,2.2452946041987643,98.08097646535909,-11.781766541530116,-0.008193017302848382
97.80000000000001,2.2243930560790104,98.1831374888162,-11.82871851527248,-0.007848818702342664
97.9,2.2034077946999986,98.28531567237387,-11.873658399008539,-0.007502983737295521
98.0,2.182342469135802,98.38751032948042,-11.916575885899654,-0.007155594333041915
98.10000000000001,2.1612007502382697,98.48972076083625,-11.957461177151261,-0.006806731403622646
98.2,2.1399863295999997,98.59194625493149,-11.996304978080323,-0.006456474889854791
98.30000000000001,2.1187029185172817,98.6941860885939,-12.033098494338226,-0.006104903799353689
98.4,2.0973542469530853,98.79643952754611,-12.067833428291474,-0.005752096247539917
98.5,2.0759440624999996,98.89870582697223,-12.100501975564722,-0.005398129500030491
98.60000000000001,2.0544761293432083,99.00098423209289,-12.131096821753635,-0.005043080016184698
98.7,2.0329542272234566,99.10327397874842,-12.159611139309524,-0.004687023493912257
98.80000000000001,2.011382150399998,99.20557429398977,-12.186038584604766,-0.0043300349156334406
98.9,1.989763706613579,99.30788439667639,-12.210373295180107,-0.003972188595111392
99.0,1.9681027160493825,99.41020349808088,-12.232609887179557,-0.0036135582253575826
99.10000000000001,1.9464030102999983,99.51253080249964,-12.252743452976857,-0.003254216927174536
99.2,1.9246684313283944,99.61486550786918,-12.270769558994118,-0.0028942372986962006
99.30000000000001,1.9029028304308617,99.71720680638758,-12.286684243721295,-0.002533691465701038
99.4,1.8811100671999987,99.8195538851404,-12.300484015934542,-0.0021726511323574282
99.5,1.8592940084876544,99.92190592673087,-12.312165853118428,-0.0018111876326891707
99.60000000000001,1.8374585273678994,100.02426210991358,-12.321727200093704,-0.001449371982543246
99.7,1.8156075020999993,100.12662161023113,-12.329165967853184,-0.0010872749320136599
99.80000000000001,1.7937448150913564,100.22898360065355,-12.334480532607182,-0.0007249670179882983
99.9,1.7718743518604922,100.33134725221957,-12.337669735037418,-0.00036251861726266377
100.0,1.75,100.43371173467963,-12.33873287976619,4.1744385725905886e-14
100.10000000000001,1.728125648139504,100.53607621713971,-12.337669735036933,0.00036251861727909507
100.2,1.7062551849086425,100.63843986870573,-12.334480532606989,0.0007249670179134693
100.30000000000001,1.6843924978999976,100.74080185912815,-12.329165967853575,0.0010872749319723596
100.4,1.662541472632098,100.8431613594457,-12.321727200093996,0.0014493719825767748
100.5,1.6407059915123448,100.9455175426284,-12.312165853118428,0.0018111876327386867
100.60000000000001,1.6188899327999986,101.04786958421889,-12.30048401593425,0.0021726511323489905
100.7,1.5970971695691354,101.1502166629717,-12.28668424372139,0.0025336914656595155
100.80000000000001,1.5753315686716025,101.2525579614901,-12.270769558994312,0.002894237298708191
100.9,1.5535969896999986,101.35489266685964,-12.25274345297681,0.0032542169272076205
101.0,1.5318972839506175,101.45721997127839,-12.232609887179363,0.0036135582253415954
101.10000000000001,1.5102362933864186,101.5595390726829,-12.21037329518025,0.003972188595082082
101.2,1.4886178495999982,101.66184917536951,-12.186038584604914,0.00433003491567896
101.30000000000001,1.4670457727765402,101.76414949061086,-12.159611139309135,0.004687023493903819
101.4,1.445523870656789,101.86643923726639,-12.131096821753879,0.005043080016139179
101.5,1.424055937499999,101.96871764238703,-12.10050197556487,0.005398129500075788
101.60000000000001,1.402645753046912,102.07098394181317,-12.06783342829118,0.0057520962475610116
101.7,1.381297081482715,102.17323738076539,-12.033098494338127,0.00610490379932882
101.80000000000001,1.3600136703999977,102.2754772144278,-11.996304978080323,0.006456474889854347
101.9,1.3387992497617267,102.37770270852303,-11.957461177151165,0.006806731403610655
102.0,1.3176575308641987,102.47991313987885,-11.916575885899801,0.007155594333008608
102.10000000000001,1.2965922052999976,102.58210779698541,-11.873658399008832,0.0075029837373323804
102.2,1.2756069439209863,102.68428598054308,-11.828718515272188,0.007848818702396843
102.30000000000001,1.2547053958012326,102.7864470040002,-11.781766541529773,0.008193017302810857
102.4,1.2338911871999994,102.88859019408008,-11.732813296736667,0.00853549656556618
102.5,1.2131679205246908,102.99071489129723,-11.681870116178654,0.00887617243412786
102.60000000000001,1.1925391732938246,103.09282045046183,-11.628948855821776,0.00921495973517461
102.7,1.1720084970999989,103.19490624117226,-11.57406189678296,0.00955177214708225
102.80000000000001,1.1515794165728375,103.29697164829528,-11.51722214992005,0.009886522169861744
102.9,1.131255428341975,103.39901607243304,-11.458443060532241,0.010219121097032269
103.0,1.1110400000000014,103.50103893037698,-11.397738613163654,0.010549478989470118
103.10000000000001,1.0909365690654313,103.60303965554765,-11.335123336500988,0.010877504651266579
103.2,1.0709485419456792,103.7050176984203,-11.270612308357983,0.011203105607771713
103.30000000000001,1.0510792928999964,103.80697252693588,-11.204221160735479,0.011526188085446809
103.4,1.031332163002468,103.90890362689653,-11.135966084954957,0.01184665699407128
103.5,1.0117104591049382,104.01081050234585,-11.065863836847887,0.012164415911736448
103.60000000000001,0.9922174527999986,104.11269267593282,-10.993931741994142,0.012479367071242753
103.7,0.9728563793839498,104.21454968925944,-10.920187701008285,0.01279141134927042
103.80000000000001,0.9536304368197496,104.31638110321154,-10.844650194850981,0.01310044825807788
103.9,0.9345427846999982,104.41818649827214,-10.76733829016789,0.01340637593930849
104.0,0.9155965432098775,104.5199654748174,-10.688271644638043,0.013709091161163034
104.10000000000001,0.8967947920901211,104.62171765339443,-10.607470512319749,0.014008489317119954
104.2,0.8781405695999996,104.72344267498062,-10.524955748997698,0.014304464427239427
104.30000000000001,0.8596368714802447,104.82514020122441,-10.440748817506998,0.0145969091432393
104.4,0.8412866499160485,104.92680991466679,-10.35487179302451,0.014885714754949375
104.5,0.8230928125000023,105.02845151894338,-10.267347368331276,0.015170771200343491
104.60000000000001,0.8050582211950598,105.13006473896685,-10.178198859010678,0.015451967077818596
104.7,0.7871856912975319,105.23164932108902,-10.087450208602213,0.015729189660669718
104.80000000000001,0.7694779903999983,105.33320503324289,-9.995125993675801,0.016002324916145283
104.9,0.7519378373543182,105.43473166506364,-9.901251428819203,0.016271257524848814
105.0,0.7345679012345688,105.536229027989,-9.805852371552719,0.0165358709042287
105.10000000000001,0.7173708002999981,105.63769695533826,-9.70895532712012,0.016796047235648537
105.2,0.7003491009580232,105.73913530236977,-9.610587453176453,0.01705166749179199
105.30000000000001,0.6835053167271573,105.84054394631701,-9.510776564358709,0.0173026114683712
105.4,0.6668419071999996,105.94192278640244,-9.409551136714462,0.01754875781881382
105.5,0.6503612770061734,106.04327174382966,-9.306940311989546,0.017789984090859967
105.60000000000001,0.6340657747753061,106.14459076175304,-9.202973901762265,0.018026166765556573
105.7,0.6179576920999976,106.24587980522504,-9.097682391419657,0.018257181298873215
105.80000000000001,0.602039262498764,106.34713886112115,-8.991096943960155,0.018482902166798598
105.9,0.5863126603790121,106.44836793804193,-8.883249403608517,0.018703202912166983
106.0,0.5707800000000012,106.54956706619257,-8.774172299247175,0.01891795619339076
106.10000000000001,0.5554433344358006,106.6507362972395,-8.663898847647763,0.019127033835775853
106.2,0.5403046545382727,106.75187570414423,-8.552462956498898,0.019330306885660287
106.30000000000001,0.5253658878999977,106.85298538097426,-8.439899227210613,0.019527645666070126
106.4,0.5106288978172855,106.95406544269119,-8.32624295750682,0.019718919834251558
106.5,0.4960954822530861,107.05511602491593,-8.211530143781209,0.019903998441648474
106.60000000000001,0.48176737280000015,107.15613728367121,-8.095797483221157,0.020082749994862148
106.7,0.4676462336432091,107.25712939510119,-7.979082375691769,0.02025504251903809
106.80000000000001,0.453733660523456,107.35809255516868,-7.861422925366975,0.020420743622451942
106.9,0.44003117969999805,107.45902697932969,-7.742857942113886,0.020579720562151405
107.0,0.4265402469135815,107.55993290218582,-7.623426942618275,0.020731840310849736
107.10000000000001,0.4132622463493848,107.66081057711435,-7.503170151254543,0.020876969626330233
107.2,0.40019848959999715,107.76166027587645,-7.38212850067311,0.021014975119375334
107.30000000000001,0.3873502146283946,107.86248228820386,-7.260343632153404,0.021145723322584575
107.4,0.3747185847308655,107.9632769213639,-7.137857895668167,0.021269080763293036
107.5,0.3623046875,108.06404449970364,-7.014714349668799,0.021384914032765323
107.60000000000001,0.35010953378765275,108.16478536417318,-6.890956760627403,0.021493089855841863
107.7,0.33813405666790275,108.26549987182845,-6.766629602296484,0.021593475163637188
107.80000000000001,0.32637911039999756,108.36618839531431,-6.64177805469029,0.02168593716376488
107.9,0.31484546939135505,108.46685132232776,-6.5164480028127105,0.021770343408911708
108.0,0.3035338271604944,108.56748905506234,-6.390686035124895,0.021846561867161052
108.10000000000001,0.292444795300002,108.66810200963383,-6.264539441737223,0.02191446099183403
108.2,0.2815789024395039,108.76869061548784,-6.138056212344263,0.021973909787069035
108.30000000000001,0.27093659320864083,108.86925531479017,-6.011285033929274,0.022024777873707935
108.4,0.2605182271999986,108.96979656179998,-5.884275288204004,0.022066935555648814
108.5,0.250324077932099,109.0703148222271,-5.757077048807128,0.02210025388181097
108.60000000000001,0.24035433181234378,109.17081057257354,-5.629741078282232,0.022124604706605655
108.7,0.2306090871000004,109.27128429946023,-5.502318824824719,0.022139860748937312
108.80000000000001,0.22108835286913586,109.37173649893987,-5.374862418816649,0.022145895649056835
108.9,0.21179204797160234,109.4721676757962,-5.247424669146571,0.022142584021653422
109.0,0.20271999999999835,109.57257834283112,-5.1200590593505995,0.02212980150599897
109.10000000000001,0.19387194425061693,109.67296902014006,-4.992819743561404,0.022107424815255683
109.2,0.18524752268641942,109.77334023437659,-4.865761542276822,0.022075331780403162
109.30000000000001,0.1768462829000006,109.87369251800756,-4.738939937985392,0.022033401390887164
109.4,0.1686676770765423,109.97402640855913,-4.612411070636139,0.021981513832902755
109.5,0.16071106095678944,110.07434244785533,-4.486231732978382,0.021919550522149056
109.60000000000001,0.15297569280000212,110.17464118124974,-4.36045936579438,0.021847394134270337
109.7,0.14546073234691526,110.27492315685159,-4.23515205301329,0.021764928631365532
109.80000000000001,0.13816523978271245,110.37518892474749,-4.110368516746548,0.02167203928121625
109.9,0.13108817469999967,110.47543903621967,-3.9861681122717685,0.02156861267478971
110.0,0.12422839506172778,110.57567404296225,-3.8626108229402667,0.02145453674046227
110.10000000000001,0.11758465616419422,110.67589449629659,-3.7397572550527047,0.021329700749583513
110.2,0.1111556095999997,110.776100946387,-3.6176686327397714,0.021193995319449377
110.30000000000001,0.10493980222098775,110.87629394145839,-3.4964067928214226,0.02104731241317892
110.4,0.09893567510123247,110.97647402701669,-3.3760341796879163,0.020889545331340076
110.5,0.09314156249999828,111.07664174507413,-3.2566138402346385,0.0207205887002489
110.60000000000001,0.08755569082468728,111.17679763338018,-3.1382094188370044,0.020540338455269536
110.7,0.08217617759383167,111.27694222465999,-3.020885152417122,0.020348691819456977
110.80000000000001,0.07700103040000061,111.37707604586181,-2.9047058655839,0.02014554727769388
110.9,0.07202814587283779,111.47719961741477,-2.7897369658968727,0.019930804542398345
111.0,0.06725530864197449,111.5773134524988,-2.676044439280551,0.019704364517468126
111.10000000000001,0.06268019030000338,111.67741805632822,-2.563694845563163,0.01946612925925925
111.2,0.05830034836543052,111.77751392545063,-2.452755314180845,0.01921600192764103
111.30000000000001,0.05411322524568485,111.87760154706301,-2.34329354010101,0.018953886735176145
111.4,0.05011614720000024,111.97768139834638,-2.2353777799145216,0.018679688893041946
111.5,0.04630632330247475,112.07775394582134,-2.129076848166484,0.01839331454995108
111.60000000000001,0.042680844404934026,112.1778196447258,-2.0244601139189866,0.01809467072887308
111.7,0.039236682099996756,112.277878938417,-1.9215974975614574,0.017783665257695203
111.80000000000001,0.0359706876839474,112.37793225779986,-1.820559467906669,0.017460206698935637
111.9,0.03287959111975036,112.47798002078318,-1.721417039530889,0.017124204275226373
112.0,0.029959999999994213,112.57802263176623,-1.6242417704346057,0.01677556778879305
112.10000000000001,0.027208398509874776,112.67806048115716,-1.5291057600039364,0.016414207541119136
112.2,0.02462114639012536,112.77809394492569,-1.436081647279598,0.01604003425113132
112.30000000000001,0.02219447789999829,112.87812338419215,-1.3452426095336243,0.015652958967723757
112.4,0.019924500780249543,112.97814914485471,-1.2566623612107741,0.015252892981931387
112.5,0.017807195216050342,113.07817155725739,-1.1704151531751008,0.014839747740279033
112.60000000000001,0.015838412800002866,113.17819093590074,-1.0865757723029603,0.014413434754275867
112.7,0.014013875495061168,113.27820757919763,-1.0052195414227658,0.013973865511335115
112.80000000000001,0.012329174597528247,113.37822176927641,-0.9264223195838164,0.013520951384681873
112.9,0.010779769700001829,113.47823377183377,-0.8502605026849235,0.013054603545984936
113.0,0.009360987654320141,113.57824383603979,-0.7768110244044198,0.012574732879331689
113.10000000000001,0.00806802153456676,113.67825219449742,-0.7061513574805482,0.012081249894779551
113.2,0.006895929599996187,113.77825906325903,-0.638359515306751,0.011574064647684387
113.30000000000001,0.0058396342580215865,113.87826464190267,-0.5735140538221289,0.011053086660794749
113.4,0.0048939210271590206,113.97826911367027,-0.5116940736993284,0.01051822484988834
113.5,0.004053437500005863,114.07827264567068,-0.4529792228040657,0.009969387456897918
113.60000000000001,0.0033126923061725932,114.17827538915027,-0.39744969888633164,0.0094064819864682
113.7,0.0026660540753140616,114.27827747983342,-0.34518625252763335,0.00882941514954946
113.80000000000001,0.0021077504000022174,114.37827903833626,-0.2962701902661427,0.008238092819120711
113.9,0.0016318667987635926,114.47828017065585,-0.25078337786969107,0.00763241998938494
114.0,0.0012323456790142018,114.57828096873828,-0.208808243781471,0.007012300747873915
114.10000000000001,0.0009029853000006582,114.67828151112812,-0.17042778260421718,0.0063776382600165965
114.2,0.0006374387358096811,114.77828186370238,-0.13572555865734495,0.005728334762979893
114.30000000000001,0.0004292128382750171,114.87828208049227,-0.10478570951354235,0.005064291575896154
114.4,0.0002716671999993814,114.97828220459533,-0.07769294947276595,0.004385409122701173
114.5,0.0001580131172769228,115.07828226918156,-0.054532572928238245,0.0036915869719281536
114.60000000000001,8.131255308407859e-05,115.17828229859644,-0.03539045753770403,0.002982723895374886
114.7,3.447710000203941e-05,115.27828230956423,-0.02035306713817811,0.0022587179467470713
114.80000000000001,1.0266943207604129e-05,115.3782823124949,-0.009507454310324206,0.0015194665574723202
114.9,1.2898234578173629e-06,115.47828231289785,-0.002941262568897632,0.0007974363165300763
115.0,0.0,115.57828231290615,-0.00036950720224444985,0.00025667357993802904
115.10000000000001,0.0,115.67828231290616,0.0,3.224558644498611e-05
115.2,0.0,115.77828231290616,0.0,0.0
115.30000000000001,0.0,115.87828231290617,0.0,0.0
115.4,0.0,115.97828231290616,0.0,0.0
115.5,0.0,116.07828231290615,0.0,0.0
115.60000000000001,0.0,116.17828231290616,0.0,0.0
115.7,0.0,116.27828231290616,0.0,0.0
115.80000000000001,0.0,116.37828231290617,0.0,0.0
115.9,0.0,116.47828231290616,0.0,0.0
116.0,0.0,116.57828231290615,0.0,0.0
116.10000000000001,0.0,116.67828231290616,0.0,0.0
116.2,0.0,116.77828231290616,0.0,0.0
116.30000000000001,0.0,116.87828231290617,0.0,0.0
116.4,0.0,116.97828231290616,0.0,0.0
116.5,0.0,117.07828231290615,0.0,0.0
116.60000000000001,0.0,117.17828231290616,0.0,0.0
116.7,0.0,117.27828231290616,0.0,0.0
116.80000000000001,0.0,117.37828231290617,0.0,0.0
116.9,0.0,117.47828231290616,0.0,0.0
117.0,0.0,117.57828231290615,0.0,0.0
117.10000000000001,0.0,117.67828231290616,0.0,0.0
117.2,0.0,117.77828231290616,0.0,0.0
117.30000000000001,0.0,117.87828231290617,0.0,0.0
117.4,0.0,117.97828231290616,0.0,0.0
117.5,0.0,118.07828231290615,0.0,0.0
117.60000000000001,0.0,118.17828231290616,0.0,0.0
117.7,0.0,118.27828231290616,0.0,0.0
117.80000000000001,0.0,118.37828231290617,0.0,0.0
117.9,0.0,118.47828231290616,0.0,0.0
118.0,0.0,118.57828231290615,0.0,0.0
118.10000000000001,0.0,118.67828231290616,0.0,0.0
118.2,0.0,118.77828231290616,0.0,0.0
118.30000000000001,0.0,118.87828231290617,0.0,0.0
118.4,0.0,118.97828231290616,0.0,0.0
118.5,0.0,119.07828231290615,0.0,0.0
118.60000000000001,0.0,119.17828231290616,0.0,0.0
118.7,0.0,119.27828231290616,0.0,0.0
118.80000000000001,0.0,119.37828231290617,0.0,0.0
118.9,0.0,119.47828231290616,0.0,0.0
119.0,0.0,119.57828231290615,0.0,0.0
119.10000000000001,0.0,119.67828231290616,0.0,0.0
119.2,0.0,119.77828231290616,0.0,0.0
119.30000000000001,0.0,119.87828231290617,0.0,0.0
119.4,0.0,119.97828231290616,0.0,0.0
119.5,0.0,120.07828231290615,0.0,0.0
119.60000000000001,0.0,120.17828231290616,0.0,0.0
119.7,0.0,120.27828231290616,0.0,0.0
119.80000000000001,0.0,120.37828231290617,0.0,0.0
119.9,0.0,120.47828231290616,0.0,0.0
120.0,0.0,120.57828231290615,0.0,0.0
120.10000000000001,0.0,120.67828231290616,0.0,0.0
120.2,0.0,120.77828231290616,0.0,0.0
120.30000000000001,0.0,120.87828231290617,0.0,0.0
120.4,0.0,120.97828231290616,0.0,0.0
120.5,0.0,121.07828231290615,0.0,0.0
120.60000000000001,0.0,121.17828231290616,0.0,0.0
120.7,0.0,121.27828231290616,0.0,0.0
120.80000000000001,0.0,121.37828231290617,0.0,0.0
120.9,0.0,121.47828231290616,0.0,0.0
121.0,0.0,121.57828231290615,0.0,0.0
121.10000000000001,0.0,121.67828231290616,0.0,0.0
121.2,0.0,121.77828231290616,0.0,0.0
121.30000000000001,0.0,121.87828231290617,0.0,0.0
121.4,0.0,121.97828231290616,0.0,0.0
121.5,0.0,122.07828231290615,0.0,0.0
121.60000000000001,0.0,122.17828231290616,0.0,0.0
121.7,0.0,122.27828231290616,0.0,0.0
121.80000000000001,0.0,122.37828231290617,0.0,0.0
121.9,0.0,122.47828231290616,0.0,0.0
122.0,0.0,122.57828231290615,0.0,0.0
122.10000000000001,0.0,122.67828231290616,0.0,0.0
122.2,0.0,122.77828231290616,0.0,0.0
122.30000000000001,0.0,122.87828231290617,0.0,0.0
122.4,0.0,122.97828231290616,0.0,0.0
122.5,0.0,123.07828231290615,0.0,0.0
122.60000000000001,0.0,123.17828231290616,0.0,0.0
122.7,0.0,123.27828231290616,0.0,0.0
122.80000000000001,0.0,123.37828231290617,0.0,0.0
122.9,0.0,123.47828231290616,0.0,0.0
123.0,0.0,123.57828231290615,0.0,0.0
123.10000000000001,0.0,123.67828231290616,0.0,0.0
123.2,0.0,123.77828231290616,0.0,0.0
123.30000000000001,0.0,123.87828231290617,0.0,0.0
123.4,0.0,123.97828231290616,0.0,0.0
123.5,0.0,124.07828231290615,0.0,0.0
123.60000000000001,0.0,124.17828231290616,0.0,0.0
123.7,0.0,124.27828231290616,0.0,0.0
123.80000000000001,0.0,124.37828231290617,0.0,0.0
123.9,0.0,124.47828231290616,0.0,0.0
124.0,0.0,124.57828231290615,0.0,0.0
124.10000000000001,0.0,124.67828231290616,0.0,0.0
124.2,0.0,124.77828231290616,0.0,0.0
124.30000000000001,0.0,124.87828231290617,0.0,0.0
124.4,0.0,124.97828231290616,0.0,0.0
124.5,0.0,125.07828231290615,0.0,0.0
124.60000000000001,0.0,125.17828231290616,0.0,0.0
124.7,0.0,125.27828231290616,0.0,0.0
124.80000000000001,0.0,125.37828231290617,0.0,0.0
124.9,0.0,125.47828231290616,0.0,0.0
125.0,0.0,125.57828231290615,0.0,0.0
125.10000000000001,0.0,125.67828231290616,0.0,0.0
125.2,0.0,125.77828231290616,0.0,0.0
125.30000000000001,0.0,125.87828231290617,0.0,0.0
125.4,0.0,125.97828231290616,0.0,0.0
125.5,0.0,126.07828231290615,0.0,0.0
125.60000000000001,0.0,126.17828231290616,0.0,0.0
125.7,0.0,126.27828231290616,0.0,0.0
125.80000000000001,0.0,126.37828231290617,0.0,0.0
125.9,0.0,126.47828231290616,0.0,0.0
126.0,0.0,126.57828231290615,0.0,0.0
126.10000000000001,0.0,126.67828231290616,0.0,0.0
126.2,0.0,126.77828231290616,0.0,0.0
126.30000000000001,0.0,126.87828231290617,0.0,0.0
126.4,0.0,126.97828231290616,0.0,0.0
126.5,0.0,127.07828231290615,0.0,0.0
126.60000000000001,0.0,127.17828231290616,0.0,0.0
126.7,0.0,127.27828231290616,0.0,0.0
126.80000000000001,0.0,127.37828231290617,0.0,0.0
126.9,0.0,127.47828231290616,0.0,0.0
127.0,0.0,127.57828231290615,0.0,0.0
127.10000000000001,0.0,127.67828231290616,0.0,0.0
127.2,0.0,127.77828231290616,0.0,0.0
127.30000000000001,0.0,127.87828231290617,0.0,0.0
127.4,0.0,127.97828231290616,0.0,0.0
127.5,0.0,128.07828231290614,0.0,0.0
127.60000000000001,0.0,128.17828231290616,0.0,0.0
127.7,0.0,128.27828231290616,0.0,0.0
127.80000000000001,0.0,128.37828231290615,0.0,0.0
127.9,0.0,128.47828231290615,0.0,0.0
128.0,0.0,128.57828231290614,0.0,0.0
128.1,0.0,128.67828231290613,0.0,0.0
128.20000000000002,0.0,128.77828231290616,0.0,0.0
128.3,0.0,128.87828231290615,0.0,0.0
128.4,0.0,128.97828231290615,0.0,0.0
128.5,0.0,129.07828231290614,0.0,0.0
128.6,0.0,129.17828231290613,0.0,0.0
128.70000000000002,0.0,129.27828231290616,0.0,0.0
128.8,0.0,129.37828231290615,0.0,0.0
128.9,0.0,129.47828231290615,0.0,0.0
129.0,0.0,129.57828231290614,0.0,0.0
129.1,0.0,129.67828231290613,0.0,0.0
129.20000000000002,0.0,129.77828231290616,0.0,0.0
129.3,0.0,129.87828231290615,0.0,0.0
129.4,0.0,129.97828231290615,0.0,0.0
129.5,0.0,130.07828231290614,0.0,0.0
129.6,0.0,130.17828231290613,0.0,0.0
129.70000000000002,0.0,130.27828231290616,0.0,0.0
129.8,0.0,130.37828231290615,0.0,0.0
129.9,0.0,130.47828231290615,0.0,0.0
130.0,0.0,130.57828231290614,0.0,0.0
130.1,0.0,130.67828231290613,0.0,0.0
130.20000000000002,0.0,130.77828231290616,0.0,0.0
130.3,0.0,130.87828231290615,0.0,0.0
130.4,0.0,130.97828231290615,0.0,0.0
130.5,0.0,131.07828231290614,0.0,0.0
130.6,0.0,131.17828231290613,0.0,0.0
130.70000000000002,0.0,131.27828231290616,0.0,0.0
130.8,0.0,131.37828231290615,0.0,0.0
130.9,0.0,131.47828231290615,0.0,0.0
131.0,0.0,131.57828231290614,0.0,0.0
131.1,0.0,131.67828231290613,0.0,0.0
131.20000000000002,0.0,131.77828231290616,0.0,0.0
131.3,0.0,131.87828231290615,0.0,0.0
131.4,0.0,131.97828231290615,0.0,0.0
131.5,0.0,132.07828231290614,0.0,0.0
131.6,0.0,132.17828231290613,0.0,0.0
131.70000000000002,0.0,132.27828231290616,0.0,0.0
131.8,0.0,132.37828231290615,0.0,0.0
131.9,0.0,132.47828231290615,0.0,0.0
132.0,0.0,132.57828231290614,0.0,0.0
132.1,0.0,132.67828231290613,0.0,0.0
132.20000000000002,0.0,132.77828231290616,0.0,0.0
132.3,0.0,132.87828231290615,0.0,0.0
132.4,0.0,132.97828231290615,0.0,0.0
132.5,0.0,133.07828231290614,0.0,0.0
132.6,0.0,133.17828231290613,0.0,0.0
132.70000000000002,0.0,133.27828231290616,0.0,0.0
132.8,0.0,133.37828231290615,0.0,0.0
132.9,0.0,133.47828231290615,0.0,0.0
133.0,0.0,133.57828231290614,0.0,0.0
133.1,0.0,133.67828231290613,0.0,0.0
133.20000000000002,0.0,133.77828231290616,0.0,0.0
133.3,0.0,133.87828231290615,0.0,0.0
133.4,0.0,133.97828231290615,0.0,0.0
133.5,0.0,134.07828231290614,0.0,0.0
133.6,0.0,134.17828231290613,0.0,0.0
133.70000000000002,0.0,134.27828231290616,0.0,0.0
133.8,0.0,134.37828231290615,0.0,0.0
133.9,0.0,134.47828231290615,0.0,0.0
134.0,0.0,134.57828231290614,0.0,0.0
134.1,0.0,134.67828231290613,0.0,0.0
134.20000000000002,0.0,134.77828231290616,0.0,0.0
134.3,0.0,134.87828231290615,0.0,0.0
134.4,0.0,134.97828231290615,0.0,0.0
134.5,0.0,135.07828231290614,0.0,0.0
134.6,0.0,135.17828231290613,0.0,0.0
134.70000000000002,0.0,135.27828231290616,0.0,0.0
134.8,0.0,135.37828231290615,0.0,0.0
134.9,0.0,135.47828231290615,0.0,0.0
135.0,0.0,135.57828231290614,0.0,0.0
135.1,0.0,135.67828231290613,0.0,0.0
135.20000000000002,0.0,135.77828231290616,0.0,0.0
135.3,0.0,135.87828231290615,0.0,0.0
135.4,0.0,135.97828231290615,0.0,0.0
135.5,0.0,136.07828231290614,0.0,0.0
135.6,0.0,136.17828231290613,0.0,0.0
135.70000000000002,0.0,136.27828231290616,0.0,0.0
135.8,0.0,136.37828231290615,0.0,0.0
135.9,0.0,136.47828231290615,0.0,0.0
136.0,0.0,136.57828231290614,0.0,0.0
136.1,0.0,136.67828231290613,0.0,0.0
136.20000000000002,0.0,136.77828231290616,0.0,0.0
136.3,0.0,136.87828231290615,0.0,0.0
136.4,0.0,136.97828231290615,0.0,0.0
136.5,0.0,137.07828231290614,0.0,0.0
136.6,0.0,137.17828231290613,0.0,0.0
136.70000000000002,0.0,137.27828231290616,0.0,0.0
136.8,0.0,137.37828231290615,0.0,0.0
136.9,0.0,137.47828231290615,0.0,0.0
137.0,0.0,137.57828231290614,0.0,0.0
137.1,0.0,137.67828231290613,0.0,0.0
137.20000000000002,0.0,137.77828231290616,0.0,0.0
137.3,0.0,137.87828231290615,0.0,0.0
137.4,0.0,137.97828231290615,0.0,0.0
137.5,0.0,138.07828231290614,0.0,0.0
137.6,0.0,138.17828231290613,0.0,0.0
137.70000000000002,0.0,138.27828231290616,0.0,0.0
137.8,0.0,138.37828231290615,0.0,0.0
137.9,0.0,138.47828231290615,0.0,0.0
138.0,0.0,138.57828231290614,0.0,0.0
138.1,0.0,138.67828231290613,0.0,0.0
138.20000000000002,0.0,138.77828231290616,0.0,0.0
138.3,0.0,138.87828231290615,0.0,0.0
138.4,0.0,138.97828231290615,0.0,0.0
138.5,0.0,139.07828231290614,0.0,0.0
138.6,0.0,139.17828231290613,0.0,0.0
138.70000000000002,0.0,139.27828231290616,0.0,0.0
138.8,0.0,139.37828231290615,0.0,0.0
138.9,0.0,139.47828231290615,0.0,0.0
139.0,0.0,139.57828231290614,0.0,0.0
139.1,0.0,139.67828231290613,0.0,0.0
139.20000000000002,0.0,139.77828231290616,0.0,0.0
139.3,0.0,139.87828231290615,0.0,0.0
139.4,0.0,139.97828231290615,0.0,0.0
139.5,0.0,140.07828231290614,0.0,0.0
139.6,0.0,140.17828231290613,0.0,0.0
139.70000000000002,0.0,140.27828231290616,0.0,0.0
139.8,0.0,140.37828231290615,0.0,0.0
139.9,0.0,140.47828231290615,0.0,0.0
140.0,0.0,140.57828231290614,0.0,0.0
140.1,0.0,140.67828231290613,0.0,0.0
140.20000000000002,0.0,140.77828231290616,0.0,0.0
140.3,0.0,140.87828231290615,0.0,0.0
140.4,0.0,140.97828231290615,0.0,0.0
140.5,0.0,141.07828231290614,0.0,0.0
140.6,0.0,141.17828231290613,0.0,0.0
140.70000000000002,0.0,141.27828231290616,0.0,0.0
140.8,0.0,141.37828231290615,0.0,0.0
140.9,0.0,141.47828231290615,0.0,0.0
141.0,0.0,141.57828231290614,0.0,0.0
141.1,0.0,141.67828231290613,0.0,0.0
141.20000000000002,0.0,141.77828231290616,0.0,0.0
141.3,0.0,141.87828231290615,0.0,0.0
141.4,0.0,141.97828231290615,0.0,0.0
141.5,0.0,142.07828231290614,0.0,0.0
141.6,0.0,142.17828231290613,0.0,0.0
141.70000000000002,0.0,142.27828231290616,0.0,0.0
141.8,0.0,142.37828231290615,0.0,0.0
141.9,0.0,142.47828231290615,0.0,0.0
142.0,0.0,142.57828231290614,0.0,0.0
142.1,0.0,142.67828231290613,0.0,0.0
142.20000000000002,0.0,142.77828231290616,0.0,0.0
142.3,0.0,142.87828231290615,0.0,0.0
142.4,0.0,142.97828231290615,0.0,0.0
142.5,0.0,143.07828231290614,0.0,0.0
142.6,0.0,143.17828231290613,0.0,0.0
142.70000000000002,0.0,143.27828231290616,0.0,0.0
142.8,0.0,143.37828231290615,0.0,0.0
142.9,0.0,143.47828231290615,0.0,0.0
143.0,0.0,143.57828231290614,0.0,0.0
143.1,0.0,143.67828231290613,0.0,0.0
143.20000000000002,0.0,143.77828231290616,0.0,0.0
143.3,0.0,143.87828231290615,0.0,0.0
143.4,0.0,143.97828231290615,0.0,0.0
143.5,0.0,144.07828231290614,0.0,0.0
143.6,0.0,144.17828231290613,0.0,0.0
143.70000000000002,0.0,144.27828231290616,0.0,0.0
143.8,0.0,144.37828231290615,0.0,0.0
143.9,0.0,144.47828231290615,0.0,0.0
144.0,0.0,144.57828231290614,0.0,0.0
144.1,0.0,144.67828231290613,0.0,0.0
144.20000000000002,0.0,144.77828231290616,0.0,0.0
144.3,0.0,144.87828231290615,0.0,0.0
144.4,0.0,144.97828231290615,0.0,0.0
144.5,0.0,145.07828231290614,0.0,0.0
144.6,0.0,145.17828231290613,0.0,0.0
144.70000000000002,0.0,145.27828231290616,0.0,0.0
144.8,0.0,145.37828231290615,0.0,0.0
144.9,0.0,145.47828231290615,0.0,0.0
145.0,0.0,145.57828231290614,0.0,0.0
145.1,0.0,145.67828231290613,0.0,0.0
145.20000000000002,0.0,145.77828231290616,0.0,0.0
145.3,0.0,145.87828231290615,0.0,0.0
145.4,0.0,145.97828231290615,0.0,0.0
145.5,0.0,146.07828231290614,0.0,0.0
145.6,0.0,146.17828231290613,0.0,0.0
145.70000000000002,0.0,146.27828231290616,0.0,0.0
145.8,0.0,146.37828231290615,0.0,0.0
145.9,0.0,146.47828231290615,0.0,0.0
146.0,0.0,146.57828231290614,0.0,0.0
146.1,0.0,146.67828231290613,0.0,0.0
146.20000000000002,0.0,146.77828231290616,0.0,0.0
146.3,0.0,146.87828231290615,0.0,0.0
146.4,0.0,146.97828231290615,0.0,0.0
146.5,0.0,147.07828231290614,0.0,0.0
146.6,0.0,147.17828231290613,0.0,0.0
146.70000000000002,0.0,147.27828231290616,0.0,0.0
146.8,0.0,147.37828231290615,0.0,0.0
146.9,0.0,147.47828231290615,0.0,0.0
147.0,0.0,147.57828231290614,0.0,0.0
147.1,0.0,147.67828231290613,0.0,0.0
147.20000000000002,0.0,147.77828231290616,0.0,0.0
147.3,0.0,147.87828231290615,0.0,0.0
147.4,0.0,147.97828231290615,0.0,0.0
147.5,0.0,148.07828231290614,0.0,0.0
147.6,0.0,148.17828231290613,0.0,0.0
147.70000000000002,0.0,148.27828231290616,0.0,0.0
147.8,0.0,148.37828231290615,0.0,0.0
147.9,0.0,148.47828231290615,0.0,0.0
148.0,0.0,148.57828231290614,0.0,0.0
148.1,0.0,148.67828231290613,0.0,0.0
148.20000000000002,0.0,148.77828231290616,0.0,0.0
148.3,0.0,148.87828231290615,0.0,0.0
148.4,0.0,148.97828231290615,0.0,0.0
148.5,0.0,149.07828231290614,0.0,0.0
148.6,0.0,149.17828231290613,0.0,0.0
148.70000000000002,0.0,149.27828231290616,0.0,0.0
148.8,0.0,149.37828231290615,0.0,0.0
148.9,0.0,149.47828231290615,0.0,0.0
149.0,0.0,149.57828231290614,0.0,0.0
149.1,0.0,149.67828231290613,0.0,0.0
149.20000000000002,0.0,149.77828231290616,0.0,0.0
149.3,0.0,149.87828231290615,0.0,0.0
149.4,0.0,149.97828231290615,0.0,0.0
149.5,0.0,150.07828231290614,0.0,0.0
149.6,0.0,150.17828231290613,0.0,0.0
149.70000000000002,0.0,150.27828231290616,0.0,0.0
149.8,0.0,150.37828231290615,0.0,0.0
149.9,0.0,150.47828231290615,0.0,0.0
150.0,0.0,150.57828231290614,0.0,0.0
150.1,0.0,150.67828231290613,0.0,0.0
150.20000000000002,0.0,150.77828231290616,0.0,0.0
150.3,0.0,150.87828231290615,0.0,0.0
150.4,0.0,150.97828231290615,0.0,0.0
150.5,0.0,151.07828231290614,0.0,0.0
150.6,0.0,151.17828231290613,0.0,0.0
150.70000000000002,0.0,151.27828231290616,0.0,0.0
150.8,0.0,151.37828231290615,0.0,0.0
150.9,0.0,151.47828231290615,0.0,0.0
151.0,0.0,151.57828231290614,0.0,0.0
151.1,0.0,151.67828231290613,0.0,0.0
151.20000000000002,0.0,151.77828231290616,0.0,0.0
151.3,0.0,151.87828231290615,0.0,0.0
151.4,0.0,151.97828231290615,0.0,0.0
151.5,0.0,152.07828231290614,0.0,0.0
151.6,0.0,152.17828231290613,0.0,0.0
151.70000000000002,0.0,152.27828231290616,0.0,0.0
151.8,0.0,152.37828231290615,0.0,0.0
151.9,0.0,152.47828231290615,0.0,0.0
152.0,0.0,152.57828231290614,0.0,0.0
152.1,0.0,152.67828231290613,0.0,0.0
152.20000000000002,0.0,152.77828231290616,0.0,0.0
152.3,0.0,152.87828231290615,0.0,0.0
152.4,0.0,152.97828231290615,0.0,0.0
152.5,0.0,153.07828231290614,0.0,0.0
152.6,0.0,153.17828231290613,0.0,0.0
152.70000000000002,0.0,153.27828231290616,0.0,0.0
152.8,0.0,153.37828231290615,0.0,0.0
152.9,0.0,153.47828231290615,0.0,0.0
153.0,0.0,153.57828231290614,0.0,0.0
153.1,0.0,153.67828231290613,0.0,0.0
153.20000000000002,0.0,153.77828231290616,0.0,0.0
153.3,0.0,153.87828231290615,0.0,0.0
153.4,0.0,153.97828231290615,0.0,0.0
153.5,0.0,154.07828231290614,0.0,0.0
153.60000000000002,0.0,154.17828231290616,0.0,0.0
153.70000000000002,0.0,154.27828231290616,0.0,0.0
153.8,0.0,154.37828231290615,0.0,0.0
153.9,0.0,154.47828231290615,0.0,0.0
154.0,0.0,154.57828231290614,0.0,0.0
154.10000000000002,0.0,154.67828231290616,0.0,0.0
154.20000000000002,0.0,154.77828231290616,0.0,0.0
154.3,0.0,154.87828231290615,0.0,0.0
154.4,0.0,154.97828231290615,0.0,0.0
154.5,0.0,155.07828231290614,0.0,0.0
154.60000000000002,0.0,155.17828231290616,0.0,0.0
154.70000000000002,0.0,155.27828231290616,0.0,0.0
154.8,0.0,155.37828231290615,0.0,0.0
154.9,0.0,155.47828231290615,0.0,0.0
155.0,0.0,155.57828231290614,0.0,0.0
155.10000000000002,0.0,155.67828231290616,0.0,0.0
155.20000000000002,0.0,155.77828231290616,0.0,0.0
155.3,0.0,155.87828231290615,0.0,0.0
155.4,0.0,155.97828231290615,0.0,0.0
155.5,0.0,156.07828231290614,0.0,0.0
155.60000000000002,0.0,156.17828231290616,0.0,0.0
155.70000000000002,0.0,156.27828231290616,0.0,0.0
155.8,0.0,156.37828231290615,0.0,0.0
155.9,0.0,156.47828231290615,0.0,0.0
156.0,0.0,156.57828231290614,0.0,0.0
156.10000000000002,0.0,156.67828231290616,0.0,0.0
156.20000000000002,0.0,156.77828231290616,0.0,0.0
156.3,0.0,156.87828231290615,0.0,0.0
156.4,0.0,156.97828231290615,0.0,0.0
156.5,0.0,157.07828231290614,0.0,0.0
156.60000000000002,0.0,157.17828231290616,0.0,0.0
156.70000000000002,0.0,157.27828231290616,0.0,0.0
156.8,0.0,157.37828231290615,0.0,0.0
156.9,0.0,157.47828231290615,0.0,0.0
157.0,0.0,157.57828231290614,0.0,0.0
157.10000000000002,0.0,157.67828231290616,0.0,0.0
157.20000000000002,0.0,157.77828231290616,0.0,0.0
157.3,0.0,157.87828231290615,0.0,0.0
157.4,0.0,157.97828231290615,0.0,0.0
157.5,0.0,158.07828231290614,0.0,0.0
157.60000000000002,0.0,158.17828231290616,0.0,0.0
157.70000000000002,0.0,158.27828231290616,0.0,0.0
157.8,0.0,158.37828231290615,0.0,0.0
157.9,0.0,158.47828231290615,0.0,0.0
158.0,0.0,158.57828231290614,0.0,0.0
158.10000000000002,0.0,158.67828231290616,0.0,0.0
158.20000000000002,0.0,158.77828231290616,0.0,0.0
158.3,0.0,158.87828231290615,0.0,0.0
158.4,0.0,158.97828231290615,0.0,0.0
158.5,0.0,159.07828231290614,0.0,0.0
158.60000000000002,0.0,159.17828231290616,0.0,0.0
158.70000000000002,0.0,159.27828231290616,0.0,0.0
158.8,0.0,159.37828231290615,0.0,0.0
158.9,0.0,159.47828231290615,0.0,0.0
159.0,0.0,159.57828231290614,0.0,0.0
159.10000000000002,0.0,159.67828231290616,0.0,0.0
159.20000000000002,0.0,159.77828231290616,0.0,0.0
159.3,0.0,159.87828231290615,0.0,0.0
159.4,0.0,159.97828231290615,0.0,0.0
159.5,0.0,160.07828231290614,0.0,0.0
159.60000000000002,0.0,160.17828231290616,0.0,0.0
159.70000000000002,0.0,160.27828231290616,0.0,0.0
159.8,0.0,160.37828231290615,0.0,0.0
159.9,0.0,160.47828231290615,0.0,0.0
160.0,0.0,160.57828231290614,0.0,0.0
